scroll,z,variant,seed,role,x,y,width,height,inside,capped,guard,seconds
PHerc0125,1667,as-is,20262582,position,4744.21,2621.17,8387.0,8387.0,1,0,0,1.17
PHerc0125,1667,no-division,20262582,position,4465.21,2998.17,8387.0,8387.0,1,0,0,1.17
PHerc0125,1667,no-division,1674,spread,5034.5,4381.08,8387.0,8387.0,1,0,0,1.17
PHerc0125,1667,no-division,125123,spread,4468.91,3006.08,8387.0,8387.0,1,0,0,1.22
PHerc0125,2428,as-is,20263343,position,5104.79,3119.58,8387.0,8387.0,1,0,0,1.22
PHerc0125,2428,no-division,20263343,position,5156.79,3171.58,8387.0,8387.0,1,0,0,1.22
PHerc0125,2428,no-division,2435,spread,5210.8,3338.66,8387.0,8387.0,1,0,0,1.22
PHerc0125,2428,no-division,125884,spread,4860.97,3474.03,8387.0,8387.0,1,0,0,1.22
PHerc0125,3189,as-is,20264104,position,5714.43,9676.73,8387.0,8387.0,0,0,0,1.22
PHerc0125,3189,no-division,20264104,position,4819.43,3092.73,8387.0,8387.0,1,0,0,1.22
PHerc0125,3189,no-division,3196,spread,4826.06,3078.63,8387.0,8387.0,1,0,0,1.22
PHerc0125,3189,no-division,126645,spread,4819.15,3142.31,8387.0,8387.0,1,0,0,1.17
PHerc0125,3950,as-is,20264865,position,4281.93,11171.61,8387.0,8387.0,0,0,0,1.17
PHerc0125,3950,no-division,20264865,position,4408.93,3723.61,8387.0,8387.0,1,0,0,1.17
PHerc0125,3950,no-division,3957,spread,4295.35,3671.8,8387.0,8387.0,1,0,0,1.22
PHerc0125,3950,no-division,127406,spread,4256.34,3569.41,8387.0,8387.0,1,0,0,1.22
PHerc0125,4711,as-is,20265626,position,2543.93,12060.37,8387.0,8387.0,0,0,0,1.22
PHerc0125,4711,no-division,20265626,position,4580.93,3520.36,8387.0,8387.0,1,0,0,1.22
PHerc0125,4711,no-division,4718,spread,4527.95,3552.82,8387.0,8387.0,1,0,0,1.22
PHerc0125,4711,no-division,128167,spread,4494.69,3950.79,8387.0,8387.0,1,0,0,1.22
PHerc0125,5472,as-is,20266387,position,2438.26,16493.07,8387.0,8387.0,0,0,0,1.22
PHerc0125,5472,no-division,20266387,position,4370.26,3847.07,8387.0,8387.0,1,0,0,1.17
PHerc0125,5472,no-division,5479,spread,4383.43,3900.95,8387.0,8387.0,1,0,0,1.17
PHerc0125,5472,no-division,128928,spread,4384.65,3913.3,8387.0,8387.0,1,0,0,1.17
PHerc0125,6233,as-is,20267148,position,1989.09,21270.76,8387.0,8387.0,0,0,0,1.22
PHerc0125,6233,no-division,20267148,position,4658.09,4139.76,8387.0,8387.0,1,0,0,1.22
PHerc0125,6233,no-division,6240,spread,4255.8,4011.32,8387.0,8387.0,1,0,0,1.22
PHerc0125,6233,no-division,129689,spread,4678.98,4143.53,8387.0,8387.0,1,0,0,1.22
PHerc0125,6994,as-is,20267909,position,49721.09,-502545.41,8387.0,8387.0,0,0,0,1.97
PHerc0125,6994,no-division,20267909,position,4483.09,4242.59,8387.0,8387.0,1,0,0,1.22
PHerc0125,6994,no-division,7001,spread,4602.49,4130.87,8387.0,8387.0,1,0,0,1.22
PHerc0125,6994,no-division,130450,spread,4498.88,4167.76,8387.0,8387.0,1,0,0,1.22
PHerc0125,7756,as-is,20268671,position,8229.75,-47137.72,8387.0,8387.0,0,0,0,1.32
PHerc0125,7756,no-division,20268671,position,4488.75,4126.28,8387.0,8387.0,1,0,0,1.22
PHerc0125,7756,no-division,7763,spread,4553.04,4335.8,8387.0,8387.0,1,0,0,1.17
PHerc0125,7756,no-division,131212,spread,4382.97,4318.17,8387.0,8387.0,1,0,0,1.22
PHerc0125,8517,as-is,20269432,position,31575.75,-262307.12,8387.0,8387.0,0,0,0,1.82
PHerc0125,8517,no-division,20269432,position,4641.75,4279.89,8387.0,8387.0,1,0,0,1.22
PHerc0125,8517,no-division,8524,spread,4430.81,4235.31,8387.0,8387.0,1,0,0,1.22
PHerc0125,8517,no-division,131973,spread,4603.34,4116.21,8387.0,8387.0,1,0,0,1.22
PHerc0125,9278,as-is,20270193,position,6047.13,-10705.94,8387.0,8387.0,0,0,0,1.22
PHerc0125,9278,no-division,20270193,position,4400.13,4161.06,8387.0,8387.0,1,0,0,1.22
PHerc0125,9278,no-division,9285,spread,4398.31,4116.49,8387.0,8387.0,1,0,0,1.22
PHerc0125,9278,no-division,132734,spread,4494.98,3984.67,8387.0,8387.0,1,0,0,1.22
PHerc0125,10039,as-is,20270954,position,6760.45,-11152.53,8387.0,8387.0,0,0,0,1.22
PHerc0125,10039,no-division,20270954,position,4244.45,3991.47,8387.0,8387.0,1,0,0,1.17
PHerc0125,10039,no-division,10046,spread,4374.68,4160.7,8387.0,8387.0,1,0,0,1.17
PHerc0125,10039,no-division,133495,spread,4217.3,4150.01,8387.0,8387.0,1,0,0,1.17
PHerc0125,10800,as-is,20271715,position,10465.44,-29890.61,8387.0,8387.0,0,0,0,1.32
PHerc0125,10800,no-division,20271715,position,4035.44,4049.39,8387.0,8387.0,1,0,0,1.22
PHerc0125,10800,no-division,10807,spread,4082.57,4087.77,8387.0,8387.0,1,0,0,1.22
PHerc0125,10800,no-division,134256,spread,4059.59,4108.15,8387.0,8387.0,1,0,0,1.22
PHerc0125,11561,as-is,20272476,position,22364.58,-88416.05,8387.0,8387.0,0,0,0,1.52
PHerc0125,11561,no-division,20272476,position,4160.58,4118.94,8387.0,8387.0,1,0,0,1.22
PHerc0125,11561,no-division,11568,spread,4394.33,4133.24,8387.0,8387.0,1,0,0,1.17
PHerc0125,11561,no-division,135017,spread,4456.18,4100.07,8387.0,8387.0,1,0,0,1.22
PHerc0125,12322,as-is,20273237,position,19334.99,-69468.52,8387.0,8387.0,0,0,0,1.47
PHerc0125,12322,no-division,20273237,position,4416.99,4205.48,8387.0,8387.0,1,0,0,1.22
PHerc0125,12322,no-division,12329,spread,4426.73,4178.77,8387.0,8387.0,1,0,0,1.22
PHerc0125,12322,no-division,135778,spread,4050.4,3994.24,8387.0,8387.0,1,0,0,1.22
PHerc0125,13083,as-is,20273998,position,11644.75,-29352.31,8387.0,8387.0,0,0,0,1.32
PHerc0125,13083,no-division,20273998,position,4184.75,4084.69,8387.0,8387.0,1,0,0,1.22
PHerc0125,13083,no-division,13090,spread,4473.93,4149.79,8387.0,8387.0,1,0,0,1.22
PHerc0125,13083,no-division,136539,spread,4502.57,4160.22,8387.0,8387.0,1,0,0,1.22
PHerc0125,13845,as-is,20274760,position,6656.31,-8498.15,8387.0,8387.0,0,0,0,1.22
PHerc0125,13845,no-division,20274760,position,4517.31,4386.85,8387.0,8387.0,1,0,0,1.22
PHerc0125,13845,no-division,13852,spread,4220.71,4229.58,8387.0,8387.0,1,0,0,1.22
PHerc0125,13845,no-division,137301,spread,4360.8,4312.16,8387.0,8387.0,1,0,0,1.22
PHerc0125,14606,as-is,20275521,position,5560.35,-4113.8,8387.0,8387.0,0,0,0,1.22
PHerc0125,14606,no-division,20275521,position,4422.35,4388.2,8387.0,8387.0,1,0,0,1.17
PHerc0125,14606,no-division,14613,spread,4477.3,4363.88,8387.0,8387.0,1,0,0,1.22
PHerc0125,14606,no-division,138062,spread,4564.24,4370.23,8387.0,8387.0,1,0,0,1.22
PHerc0125,15367,as-is,20276282,position,6469.02,-9424.93,8387.0,8387.0,0,0,0,1.27
PHerc0125,15367,no-division,20276282,position,4088.02,4325.07,8387.0,8387.0,1,0,0,1.22
PHerc0125,15367,no-division,15374,spread,4257.18,4082.39,8387.0,8387.0,1,0,0,1.22
PHerc0125,15367,no-division,138823,spread,4461.27,4279.91,8387.0,8387.0,1,0,0,1.17
PHerc0125,16128,as-is,20277043,position,5783.19,-8870.8,8387.0,8387.0,0,0,0,1.22
PHerc0125,16128,no-division,20277043,position,4149.19,4259.2,8387.0,8387.0,1,0,0,1.22
PHerc0125,16128,no-division,16135,spread,4167.11,4258.54,8387.0,8387.0,1,0,0,1.22
PHerc0125,16128,no-division,139584,spread,4268.98,4268.81,8387.0,8387.0,1,0,0,1.22
PHerc0125,16889,as-is,20277804,position,4615.03,-1512.86,8387.0,8387.0,0,0,0,1.22
PHerc0125,16889,no-division,20277804,position,4576.03,4294.14,8387.0,8387.0,1,0,0,1.22
PHerc0125,16889,no-division,16896,spread,4402.77,4227.89,8387.0,8387.0,1,0,0,1.22
PHerc0125,16889,no-division,140345,spread,4526.31,4246.04,8387.0,8387.0,1,0,0,1.17
PHerc0125,17650,as-is,20278565,position,4947.96,-2810.39,8387.0,8387.0,0,0,0,1.22
PHerc0125,17650,no-division,20278565,position,4304.96,4095.61,8387.0,8387.0,1,0,0,1.22
PHerc0125,17650,no-division,17657,spread,4394.73,4085.85,8387.0,8387.0,1,0,0,1.27
PHerc0125,17650,no-division,141106,spread,4460.66,4109.76,8387.0,8387.0,1,0,0,1.22
PHerc0125,18411,as-is,20279326,position,4824.63,-3965.62,8387.0,8387.0,0,0,0,1.22
PHerc0125,18411,no-division,20279326,position,4668.63,4009.38,8387.0,8387.0,1,0,0,1.22
PHerc0125,18411,no-division,18418,spread,4616.45,4000.0,8387.0,8387.0,1,0,0,1.27
PHerc0125,18411,no-division,141867,spread,4604.97,3996.63,8387.0,8387.0,1,0,0,1.22
PHerc0125,19172,as-is,20280087,position,-3905.74,62888.1,8387.0,8387.0,0,0,0,1.42
PHerc0125,19172,no-division,20280087,position,4769.26,3829.1,8387.0,8387.0,1,0,0,1.22
PHerc0125,19172,no-division,19179,spread,4712.7,3825.21,8387.0,8387.0,1,0,0,1.22
PHerc0125,19172,no-division,142628,spread,4711.51,3877.48,8387.0,8387.0,1,0,0,1.22
PHerc0175A,1019,as-is,20261934,position,6764.34,5246.1,9363.0,9363.0,1,0,0,1.22
PHerc0175A,1019,no-division,20261934,position,7160.34,4574.1,9363.0,9363.0,1,0,0,1.22
PHerc0175A,1019,no-division,1026,spread,7050.95,4444.37,9363.0,9363.0,1,0,0,1.22
PHerc0175A,1019,no-division,124475,spread,7275.86,4699.68,9363.0,9363.0,1,0,0,1.22
PHerc0175A,1485,as-is,20262400,position,3597.9,5275.72,9363.0,9363.0,1,0,0,1.22
PHerc0175A,1485,no-division,20262400,position,4709.9,3259.72,9363.0,9363.0,1,0,0,1.22
PHerc0175A,1485,no-division,1492,spread,4701.98,3267.32,9363.0,9363.0,1,0,0,1.22
PHerc0175A,1485,no-division,124941,spread,4703.67,3273.94,9363.0,9363.0,1,0,0,1.22
PHerc0175A,1950,as-is,20262865,position,4332.77,5073.04,9363.0,9363.0,1,0,0,1.22
PHerc0175A,1950,no-division,20262865,position,3760.77,5328.04,9363.0,9363.0,1,0,0,1.22
PHerc0175A,1950,no-division,1957,spread,3929.73,5470.63,9363.0,9363.0,1,0,0,1.22
PHerc0175A,1950,no-division,125406,spread,3940.36,5520.4,9363.0,9363.0,1,0,0,1.22
PHerc0175A,2416,as-is,20263331,position,6010.39,331.95,9363.0,9363.0,1,0,0,1.17
PHerc0175A,2416,no-division,20263331,position,4267.39,5976.96,9363.0,9363.0,1,0,0,1.22
PHerc0175A,2416,no-division,2423,spread,4205.88,5960.92,9363.0,9363.0,1,0,0,1.22
PHerc0175A,2416,no-division,125872,spread,4371.26,5973.45,9363.0,9363.0,1,0,0,1.22
PHerc0175A,2882,as-is,20263797,position,6157.98,1787.54,9363.0,9363.0,1,0,0,1.22
PHerc0175A,2882,no-division,20263797,position,3706.98,6380.54,9363.0,9363.0,1,0,0,1.22
PHerc0175A,2882,no-division,2889,spread,3678.43,6489.55,9363.0,9363.0,1,0,0,1.22
PHerc0175A,2882,no-division,126338,spread,3740.04,6546.98,9363.0,9363.0,1,0,0,1.22
PHerc0175A,3347,as-is,20264262,position,6315.68,2004.18,9363.0,9363.0,1,0,0,1.22
PHerc0175A,3347,no-division,20264262,position,3759.68,6413.18,9363.0,9363.0,1,0,0,1.22
PHerc0175A,3347,no-division,3354,spread,3763.52,6369.32,9363.0,9363.0,1,0,0,1.22
PHerc0175A,3347,no-division,126803,spread,3756.91,6392.39,9363.0,9363.0,1,0,0,1.22
PHerc0175A,3813,as-is,20264728,position,6502.32,1238.86,9363.0,9363.0,1,0,0,1.22
PHerc0175A,3813,no-division,20264728,position,3924.32,6144.86,9363.0,9363.0,1,0,0,1.22
PHerc0175A,3813,no-division,3820,spread,3924.65,5977.79,9363.0,9363.0,1,0,0,1.27
PHerc0175A,3813,no-division,127269,spread,3957.0,6106.24,9363.0,9363.0,1,0,0,1.22
PHerc0175A,4278,as-is,20265193,position,6669.47,1195.97,9363.0,9363.0,1,0,0,1.22
PHerc0175A,4278,no-division,20265193,position,3975.47,5783.98,9363.0,9363.0,1,0,0,1.22
PHerc0175A,4278,no-division,4285,spread,3955.71,5716.79,9363.0,9363.0,1,0,0,1.22
PHerc0175A,4278,no-division,127734,spread,4002.76,5882.92,9363.0,9363.0,1,0,0,1.22
PHerc0175A,4744,as-is,20265659,position,6229.15,1539.06,9363.0,9363.0,1,0,0,1.22
PHerc0175A,4744,no-division,20265659,position,4019.15,5587.06,9363.0,9363.0,1,0,0,1.22
PHerc0175A,4744,no-division,4751,spread,4035.21,5590.5,9363.0,9363.0,1,0,0,1.22
PHerc0175A,4744,no-division,128200,spread,4048.56,5646.42,9363.0,9363.0,1,0,0,1.22
PHerc0175A,5210,as-is,20266125,position,4080.16,5572.49,9363.0,9363.0,1,0,0,1.22
PHerc0175A,5210,no-division,20266125,position,4077.16,5552.49,9363.0,9363.0,1,0,0,1.22
PHerc0175A,5210,no-division,5217,spread,4121.91,5558.88,9363.0,9363.0,1,0,0,1.22
PHerc0175A,5210,no-division,128666,spread,4041.63,5564.57,9363.0,9363.0,1,0,0,1.22
PHerc0175A,5675,as-is,20266590,position,4125.49,5587.27,9363.0,9363.0,1,0,0,1.22
PHerc0175A,5675,no-division,20266590,position,4126.49,5567.27,9363.0,9363.0,1,0,0,1.22
PHerc0175A,5675,no-division,5682,spread,4147.89,5593.1,9363.0,9363.0,1,0,0,1.22
PHerc0175A,5675,no-division,129131,spread,4112.52,5573.95,9363.0,9363.0,1,0,0,1.22
PHerc0175A,6141,as-is,20267056,position,4173.35,5581.12,9363.0,9363.0,1,0,0,1.22
PHerc0175A,6141,no-division,20267056,position,4167.35,5582.12,9363.0,9363.0,1,0,0,1.17
PHerc0175A,6141,no-division,6148,spread,4059.02,5533.69,9363.0,9363.0,1,0,0,1.22
PHerc0175A,6141,no-division,129597,spread,4052.97,5518.75,9363.0,9363.0,1,0,0,1.22
PHerc0175A,6606,as-is,20267521,position,4263.69,5455.74,9363.0,9363.0,1,0,0,1.22
PHerc0175A,6606,no-division,20267521,position,4273.69,5445.74,9363.0,9363.0,1,0,0,1.22
PHerc0175A,6606,no-division,6613,spread,4240.77,5502.42,9363.0,9363.0,1,0,0,1.22
PHerc0175A,6606,no-division,130062,spread,4154.2,5468.62,9363.0,9363.0,1,0,0,1.22
PHerc0175A,7072,as-is,20267987,position,4721.96,5499.99,9363.0,9363.0,1,0,0,1.22
PHerc0175A,7072,no-division,20267987,position,4287.96,5377.99,9363.0,9363.0,1,0,0,1.22
PHerc0175A,7072,no-division,7079,spread,4262.83,5510.75,9363.0,9363.0,1,0,0,1.22
PHerc0175A,7072,no-division,130528,spread,4412.63,5435.37,9363.0,9363.0,1,0,0,1.22
PHerc0175A,7537,as-is,20268452,position,4858.51,5487.65,9363.0,9363.0,1,0,0,1.22
PHerc0175A,7537,no-division,20268452,position,4436.51,5383.65,9363.0,9363.0,1,0,0,1.17
PHerc0175A,7537,no-division,7544,spread,4672.82,5105.98,9363.0,9363.0,1,0,0,1.22
PHerc0175A,7537,no-division,130993,spread,4499.05,5398.09,9363.0,9363.0,1,0,0,1.22
PHerc0175A,8003,as-is,20268918,position,4749.49,5317.7,9363.0,9363.0,1,0,0,1.22
PHerc0175A,8003,no-division,20268918,position,4745.49,5310.7,9363.0,9363.0,1,0,0,1.22
PHerc0175A,8003,no-division,8010,spread,4585.51,5268.69,9363.0,9363.0,1,0,0,1.22
PHerc0175A,8003,no-division,131459,spread,4675.65,5295.0,9363.0,9363.0,1,0,0,1.22
PHerc0175A,8469,as-is,20269384,position,4851.43,5303.26,9363.0,9363.0,1,0,0,1.22
PHerc0175A,8469,no-division,20269384,position,4825.43,5298.26,9363.0,9363.0,1,0,0,1.22
PHerc0175A,8469,no-division,8476,spread,4530.23,5321.16,9363.0,9363.0,1,0,0,1.22
PHerc0175A,8469,no-division,131925,spread,4703.62,5319.49,9363.0,9363.0,1,0,0,1.22
PHerc0175A,8934,as-is,20269849,position,4647.27,5329.68,9363.0,9363.0,1,0,0,1.22
PHerc0175A,8934,no-division,20269849,position,4614.27,5335.68,9363.0,9363.0,1,0,0,1.22
PHerc0175A,8934,no-division,8941,spread,4718.38,5336.09,9363.0,9363.0,1,0,0,1.22
PHerc0175A,8934,no-division,132390,spread,4683.94,5314.71,9363.0,9363.0,1,0,0,1.22
PHerc0175A,9400,as-is,20270315,position,4832.57,5227.16,9363.0,9363.0,1,0,0,1.22
PHerc0175A,9400,no-division,20270315,position,4871.57,5202.16,9363.0,9363.0,1,0,0,1.22
PHerc0175A,9400,no-division,9407,spread,4776.74,5230.96,9363.0,9363.0,1,0,0,1.22
PHerc0175A,9400,no-division,132856,spread,4596.48,5214.69,9363.0,9363.0,1,0,0,1.22
PHerc0175A,9865,as-is,20270780,position,5035.86,5228.59,9363.0,9363.0,1,0,0,1.22
PHerc0175A,9865,no-division,20270780,position,5033.86,5233.59,9363.0,9363.0,1,0,0,1.22
PHerc0175A,9865,no-division,9872,spread,4974.83,5231.73,9363.0,9363.0,1,0,0,1.27
PHerc0175A,9865,no-division,133321,spread,4923.61,5251.79,9363.0,9363.0,1,0,0,1.22
PHerc0175A,10331,as-is,20271246,position,5273.62,5048.59,9363.0,9363.0,1,0,0,1.22
PHerc0175A,10331,no-division,20271246,position,5105.62,5054.59,9363.0,9363.0,1,0,0,1.22
PHerc0175A,10331,no-division,10338,spread,5219.97,5063.69,9363.0,9363.0,1,0,0,1.22
PHerc0175A,10331,no-division,133787,spread,5000.98,4980.4,9363.0,9363.0,1,0,0,1.22
PHerc0175A,10797,as-is,20271712,position,5161.21,5038.44,9363.0,9363.0,1,0,0,1.22
PHerc0175A,10797,no-division,20271712,position,5129.21,4994.44,9363.0,9363.0,1,0,0,1.22
PHerc0175A,10797,no-division,10804,spread,5088.92,5005.63,9363.0,9363.0,1,0,0,1.27
PHerc0175A,10797,no-division,134253,spread,5233.15,4962.53,9363.0,9363.0,1,0,0,1.22
PHerc0175A,11262,as-is,20272177,position,4646.63,5002.0,9363.0,9363.0,1,0,0,1.22
PHerc0175A,11262,no-division,20272177,position,4081.63,4832.0,9363.0,9363.0,1,0,0,1.22
PHerc0175A,11262,no-division,11269,spread,4088.09,4795.22,9363.0,9363.0,1,0,0,1.22
PHerc0175A,11262,no-division,134718,spread,4088.77,4897.36,9363.0,9363.0,1,0,0,1.22
PHerc0175A,11728,as-is,20272643,position,3610.39,5079.22,9363.0,9363.0,1,0,0,1.22
PHerc0175A,11728,no-division,20272643,position,2526.39,5311.22,9363.0,9363.0,1,0,0,1.22
PHerc0175A,11728,no-division,11735,spread,2462.2,5262.14,9363.0,9363.0,1,0,0,1.22
PHerc0175A,11728,no-division,135184,spread,2520.92,5309.84,9363.0,9363.0,1,0,0,1.22
PHerc0175B,1271,as-is,20262186,position,5077.49,4951.91,9613.0,9613.0,1,0,0,1.22
PHerc0175B,1271,no-division,20262186,position,5211.49,5620.91,9613.0,9613.0,1,0,0,1.22
PHerc0175B,1271,no-division,1278,spread,5039.36,5603.48,9613.0,9613.0,1,0,0,1.22
PHerc0175B,1271,no-division,124727,spread,5215.38,5637.86,9613.0,9613.0,1,0,0,1.22
PHerc0175B,1852,as-is,20262767,position,5233.92,5182.73,9613.0,9613.0,1,0,0,1.22
PHerc0175B,1852,no-division,20262767,position,5355.92,5322.73,9613.0,9613.0,1,0,0,1.22
PHerc0175B,1852,no-division,1859,spread,5364.71,5318.95,9613.0,9613.0,1,0,0,1.22
PHerc0175B,1852,no-division,125308,spread,5406.29,5344.51,9613.0,9613.0,1,0,0,1.22
PHerc0175B,2432,as-is,20263347,position,4817.84,5578.5,9613.0,9613.0,1,0,0,1.22
PHerc0175B,2432,no-division,20263347,position,4789.84,5608.5,9613.0,9613.0,1,0,0,1.22
PHerc0175B,2432,no-division,2439,spread,4802.35,5566.16,9613.0,9613.0,1,0,0,1.22
PHerc0175B,2432,no-division,125888,spread,4832.09,5588.13,9613.0,9613.0,1,0,0,1.22
PHerc0175B,3013,as-is,20263928,position,4513.28,5796.57,9613.0,9613.0,1,0,0,1.22
PHerc0175B,3013,no-division,20263928,position,4370.28,5790.57,9613.0,9613.0,1,0,0,1.22
PHerc0175B,3013,no-division,3020,spread,4288.67,5708.92,9613.0,9613.0,1,0,0,1.27
PHerc0175B,3013,no-division,126469,spread,4336.96,5744.76,9613.0,9613.0,1,0,0,1.22
PHerc0175B,3594,as-is,20264509,position,4047.74,5518.81,9613.0,9613.0,1,0,0,1.22
PHerc0175B,3594,no-division,20264509,position,3922.74,5796.81,9613.0,9613.0,1,0,0,1.22
PHerc0175B,3594,no-division,3601,spread,3983.72,5858.17,9613.0,9613.0,1,0,0,1.22
PHerc0175B,3594,no-division,127050,spread,4007.37,5815.91,9613.0,9613.0,1,0,0,1.22
PHerc0175B,4174,as-is,20265089,position,4716.59,4823.5,9613.0,9613.0,1,0,0,1.22
PHerc0175B,4174,no-division,20265089,position,4061.59,5323.5,9613.0,9613.0,1,0,0,1.22
PHerc0175B,4174,no-division,4181,spread,4099.92,5225.17,9613.0,9613.0,1,0,0,1.22
PHerc0175B,4174,no-division,127630,spread,4070.2,5402.39,9613.0,9613.0,1,0,0,1.22
PHerc0175B,4755,as-is,20265670,position,4987.8,4710.11,9613.0,9613.0,1,0,0,1.22
PHerc0175B,4755,no-division,20265670,position,5191.8,5015.11,9613.0,9613.0,1,0,0,1.22
PHerc0175B,4755,no-division,4762,spread,5250.2,4999.65,9613.0,9613.0,1,0,0,1.22
PHerc0175B,4755,no-division,128211,spread,5359.98,4648.24,9613.0,9613.0,1,0,0,1.22
PHerc0175B,5335,as-is,20266250,position,5063.22,3421.5,9613.0,9613.0,1,0,0,1.22
PHerc0175B,5335,no-division,20266250,position,4964.22,4674.5,9613.0,9613.0,1,0,0,1.22
PHerc0175B,5335,no-division,5342,spread,4826.43,4584.27,9613.0,9613.0,1,0,0,1.22
PHerc0175B,5335,no-division,128791,spread,4946.14,4633.3,9613.0,9613.0,1,0,0,1.22
PHerc0175B,5916,as-is,20266831,position,4975.15,4454.38,9613.0,9613.0,1,0,0,1.22
PHerc0175B,5916,no-division,20266831,position,4958.15,4471.38,9613.0,9613.0,1,0,0,1.22
PHerc0175B,5916,no-division,5923,spread,4705.51,4967.65,9613.0,9613.0,1,0,0,1.22
PHerc0175B,5916,no-division,129372,spread,4124.63,5300.03,9613.0,9613.0,1,0,0,1.22
PHerc0175B,6497,as-is,20267412,position,5202.81,3967.66,9613.0,9613.0,1,0,0,1.22
PHerc0175B,6497,no-division,20267412,position,5224.81,3896.66,9613.0,9613.0,1,0,0,1.22
PHerc0175B,6497,no-division,6504,spread,5258.46,3857.94,9613.0,9613.0,1,0,0,1.22
PHerc0175B,6497,no-division,129953,spread,5249.63,3871.44,9613.0,9613.0,1,0,0,1.22
PHerc0175B,7077,as-is,20267992,position,4723.94,4540.36,9613.0,9613.0,1,0,0,1.22
PHerc0175B,7077,no-division,20267992,position,4605.94,3438.36,9613.0,9613.0,1,0,0,1.22
PHerc0175B,7077,no-division,7084,spread,4584.33,3474.43,9613.0,9613.0,1,0,0,1.22
PHerc0175B,7077,no-division,130533,spread,4664.41,3719.97,9613.0,9613.0,1,0,0,1.22
PHerc0175B,7658,as-is,20268573,position,4101.38,4354.9,9613.0,9613.0,1,0,0,1.22
PHerc0175B,7658,no-division,20268573,position,4744.38,3983.9,9613.0,9613.0,1,0,0,1.22
PHerc0175B,7658,no-division,7665,spread,4614.09,3666.4,9613.0,9613.0,1,0,0,1.22
PHerc0175B,7658,no-division,131114,spread,4881.72,4029.87,9613.0,9613.0,1,0,0,1.22
PHerc0175B,8238,as-is,20269153,position,5582.62,4234.93,9613.0,9613.0,1,0,0,1.22
PHerc0175B,8238,no-division,20269153,position,5014.62,4282.93,9613.0,9613.0,1,0,0,1.22
PHerc0175B,8238,no-division,8245,spread,4932.41,4422.82,9613.0,9613.0,1,0,0,1.22
PHerc0175B,8238,no-division,131694,spread,4902.85,4330.44,9613.0,9613.0,1,0,0,1.22
PHerc0175B,8819,as-is,20269734,position,4626.47,4865.98,9613.0,9613.0,1,0,0,1.22
PHerc0175B,8819,no-division,20269734,position,5131.47,4285.98,9613.0,9613.0,1,0,0,1.22
PHerc0175B,8819,no-division,8826,spread,5098.51,4288.79,9613.0,9613.0,1,0,0,1.22
PHerc0175B,8819,no-division,132275,spread,5220.33,4283.23,9613.0,9613.0,1,0,0,1.22
PHerc0175B,9399,as-is,20270314,position,5743.43,5221.89,9613.0,9613.0,1,0,0,1.22
PHerc0175B,9399,no-division,20270314,position,5857.43,4537.89,9613.0,9613.0,1,0,0,1.22
PHerc0175B,9399,no-division,9406,spread,5717.2,4482.17,9613.0,9613.0,1,0,0,1.22
PHerc0175B,9399,no-division,132855,spread,5834.82,4507.49,9613.0,9613.0,1,0,0,1.22
PHerc0175B,9980,as-is,20270895,position,5346.78,4850.8,9613.0,9613.0,1,0,0,1.22
PHerc0175B,9980,no-division,20270895,position,5500.78,5619.8,9613.0,9613.0,1,0,0,1.22
PHerc0175B,9980,no-division,9987,spread,5420.83,5643.18,9613.0,9613.0,1,0,0,1.22
PHerc0175B,9980,no-division,133436,spread,5459.22,5609.99,9613.0,9613.0,1,0,0,1.22
PHerc0175B,10561,as-is,20271476,position,5340.17,5862.47,9613.0,9613.0,1,0,0,1.22
PHerc0175B,10561,no-division,20271476,position,5329.17,5904.47,9613.0,9613.0,1,0,0,1.22
PHerc0175B,10561,no-division,10568,spread,5306.81,5877.74,9613.0,9613.0,1,0,0,1.22
PHerc0175B,10561,no-division,134017,spread,5300.07,5869.72,9613.0,9613.0,1,0,0,1.22
PHerc0175B,11141,as-is,20272056,position,5196.7,5348.55,9613.0,9613.0,1,0,0,1.22
PHerc0175B,11141,no-division,20272056,position,5369.7,5684.55,9613.0,9613.0,1,0,0,1.22
PHerc0175B,11141,no-division,11148,spread,5439.74,5746.35,9613.0,9613.0,1,0,0,1.22
PHerc0175B,11141,no-division,134597,spread,5402.07,5705.43,9613.0,9613.0,1,0,0,1.22
PHerc0175B,11722,as-is,20272637,position,4807.06,5500.32,9613.0,9613.0,1,0,0,1.22
PHerc0175B,11722,no-division,20272637,position,5159.06,5745.32,9613.0,9613.0,1,0,0,1.22
PHerc0175B,11722,no-division,11729,spread,5125.85,5441.32,9613.0,9613.0,1,0,0,1.22
PHerc0175B,11722,no-division,135178,spread,4941.98,5416.98,9613.0,9613.0,1,0,0,1.22
PHerc0175B,12302,as-is,20273217,position,4696.1,5445.62,9613.0,9613.0,1,0,0,1.22
PHerc0175B,12302,no-division,20273217,position,4703.1,5267.62,9613.0,9613.0,1,0,0,1.22
PHerc0175B,12302,no-division,12309,spread,4695.73,5273.24,9613.0,9613.0,1,0,0,1.22
PHerc0175B,12302,no-division,135758,spread,4630.15,5370.78,9613.0,9613.0,1,0,0,1.22
PHerc0175B,12883,as-is,20273798,position,4143.06,5718.66,9613.0,9613.0,1,0,0,1.22
PHerc0175B,12883,no-division,20273798,position,4141.06,5715.66,9613.0,9613.0,1,0,0,1.22
PHerc0175B,12883,no-division,12890,spread,4136.62,5733.6,9613.0,9613.0,1,0,0,1.22
PHerc0175B,12883,no-division,136339,spread,4132.46,5855.36,9613.0,9613.0,1,0,0,1.22
PHerc0175B,13464,as-is,20274379,position,12480.8,-5705.86,9613.0,9613.0,0,0,0,1.22
PHerc0175B,13464,no-division,20274379,position,3798.8,3821.14,9613.0,9613.0,1,0,0,1.22
PHerc0175B,13464,no-division,13471,spread,3623.31,3735.66,9613.0,9613.0,1,0,0,1.22
PHerc0175B,13464,no-division,136920,spread,3912.4,4120.47,9613.0,9613.0,1,0,0,1.22
PHerc0175B,14044,as-is,20274959,position,5851.16,4129.43,9613.0,9613.0,1,0,0,1.22
PHerc0175B,14044,no-division,20274959,position,2293.16,4036.43,9613.0,9613.0,1,0,0,1.22
PHerc0175B,14044,no-division,14051,spread,5218.75,4810.0,9613.0,9613.0,1,0,0,1.22
PHerc0175B,14044,no-division,137500,spread,2247.02,3984.46,9613.0,9613.0,1,0,0,1.22
PHerc0175B,14625,as-is,20275540,position,9523.7,13257.16,9613.0,9613.0,0,0,0,1.22
PHerc0175B,14625,no-division,20275540,position,7072.7,5597.16,9613.0,9613.0,1,0,0,1.22
PHerc0175B,14625,no-division,14632,spread,6995.5,5524.88,9613.0,9613.0,1,0,0,1.22
PHerc0175B,14625,no-division,138081,spread,6985.46,5601.59,9613.0,9613.0,1,0,0,1.22
PHerc0191,1518,as-is,20262433,position,5509.7,5337.76,8387.0,8387.0,1,0,0,1.17
PHerc0191,1518,no-division,20262433,position,5793.7,4335.76,8387.0,8387.0,1,0,0,1.22
PHerc0191,1518,no-division,1525,spread,5793.88,4335.24,8387.0,8387.0,1,0,0,1.22
PHerc0191,1518,no-division,124974,spread,5794.35,4335.2,8387.0,8387.0,1,0,0,1.22
PHerc0191,2211,as-is,20263126,position,4216.83,5452.84,8387.0,8387.0,1,0,0,1.22
PHerc0191,2211,no-division,20263126,position,4668.83,5169.84,8387.0,8387.0,1,0,0,1.22
PHerc0191,2211,no-division,2218,spread,4929.93,5281.04,8387.0,8387.0,1,0,0,1.22
PHerc0191,2211,no-division,125667,spread,4689.2,5484.46,8387.0,8387.0,1,0,0,1.22
PHerc0191,2904,as-is,20263819,position,3910.42,5475.88,8387.0,8387.0,1,0,0,1.22
PHerc0191,2904,no-division,20263819,position,4299.42,5580.88,8387.0,8387.0,1,0,0,1.22
PHerc0191,2904,no-division,2911,spread,4302.4,5583.88,8387.0,8387.0,1,0,0,1.22
PHerc0191,2904,no-division,126360,spread,4184.64,5518.98,8387.0,8387.0,1,0,0,1.22
PHerc0191,3597,as-is,20264512,position,4227.76,5330.52,8387.0,8387.0,1,0,0,1.22
PHerc0191,3597,no-division,20264512,position,4338.76,5238.52,8387.0,8387.0,1,0,0,1.22
PHerc0191,3597,no-division,3604,spread,4282.28,5260.71,8387.0,8387.0,1,0,0,1.22
PHerc0191,3597,no-division,127053,spread,4335.83,5309.45,8387.0,8387.0,1,0,0,1.22
PHerc0191,4290,as-is,20265205,position,4788.99,5174.94,8387.0,8387.0,1,0,0,1.22
PHerc0191,4290,no-division,20265205,position,4541.99,4920.94,8387.0,8387.0,1,0,0,1.22
PHerc0191,4290,no-division,4297,spread,4602.01,4980.78,8387.0,8387.0,1,0,0,1.22
PHerc0191,4290,no-division,127746,spread,4475.01,4929.33,8387.0,8387.0,1,0,0,1.22
PHerc0191,4983,as-is,20265898,position,4215.57,6475.59,8387.0,8387.0,1,0,0,1.22
PHerc0191,4983,no-division,20265898,position,4328.57,4670.59,8387.0,8387.0,1,0,0,1.22
PHerc0191,4983,no-division,4990,spread,4457.36,4677.92,8387.0,8387.0,1,0,0,1.22
PHerc0191,4983,no-division,128439,spread,4416.21,4651.81,8387.0,8387.0,1,0,0,1.22
PHerc0191,5676,as-is,20266591,position,4523.43,5816.85,8387.0,8387.0,1,0,0,1.22
PHerc0191,5676,no-division,20266591,position,4462.43,4431.85,8387.0,8387.0,1,0,0,1.22
PHerc0191,5676,no-division,5683,spread,3939.72,4391.19,8387.0,8387.0,1,0,0,1.22
PHerc0191,5676,no-division,129132,spread,4464.47,4616.78,8387.0,8387.0,1,0,0,1.22
PHerc0191,6369,as-is,20267284,position,4667.94,4451.74,8387.0,8387.0,1,0,0,1.22
PHerc0191,6369,no-division,20267284,position,4778.94,4075.74,8387.0,8387.0,1,0,0,1.22
PHerc0191,6369,no-division,6376,spread,4912.49,4259.04,8387.0,8387.0,1,0,0,1.22
PHerc0191,6369,no-division,129825,spread,4929.17,4057.12,8387.0,8387.0,1,0,0,1.22
PHerc0191,7062,as-is,20267977,position,4814.83,4422.23,8387.0,8387.0,1,0,0,1.22
PHerc0191,7062,no-division,20267977,position,5000.83,4343.23,8387.0,8387.0,1,0,0,1.22
PHerc0191,7062,no-division,7069,spread,4882.07,4323.9,8387.0,8387.0,1,0,0,1.22
PHerc0191,7062,no-division,130518,spread,5130.96,4359.77,8387.0,8387.0,1,0,0,1.22
PHerc0191,7755,as-is,20268670,position,4083.02,4349.16,8387.0,8387.0,1,0,0,1.22
PHerc0191,7755,no-division,20268670,position,5057.02,4224.16,8387.0,8387.0,1,0,0,1.22
PHerc0191,7755,no-division,7762,spread,5090.4,4216.99,8387.0,8387.0,1,0,0,1.22
PHerc0191,7755,no-division,131211,spread,4563.83,4018.13,8387.0,8387.0,1,0,0,1.22
PHerc0191,8448,as-is,20269363,position,4211.78,4775.78,8387.0,8387.0,1,0,0,1.22
PHerc0191,8448,no-division,20269363,position,3291.78,4439.78,8387.0,8387.0,1,0,0,1.22
PHerc0191,8448,no-division,8455,spread,3241.2,4382.76,8387.0,8387.0,1,0,0,1.22
PHerc0191,8448,no-division,131904,spread,3281.83,4458.45,8387.0,8387.0,1,0,0,1.22
PHerc0191,9141,as-is,20270056,position,4598.79,4285.4,8387.0,8387.0,1,0,0,1.22
PHerc0191,9141,no-division,20270056,position,3636.79,3671.4,8387.0,8387.0,1,0,0,1.22
PHerc0191,9141,no-division,9148,spread,3259.07,3774.71,8387.0,8387.0,1,0,0,1.22
PHerc0191,9141,no-division,132597,spread,3847.92,3681.84,8387.0,8387.0,1,0,0,1.22
PHerc0191,9835,as-is,20270750,position,3818.6,3936.94,8387.0,8387.0,1,0,0,1.22
PHerc0191,9835,no-division,20270750,position,3563.6,3894.94,8387.0,8387.0,1,0,0,1.22
PHerc0191,9835,no-division,9842,spread,4358.59,3087.87,8387.0,8387.0,1,0,0,1.22
PHerc0191,9835,no-division,133291,spread,4217.83,3345.01,8387.0,8387.0,1,0,0,1.22
PHerc0191,10528,as-is,20271443,position,3570.41,4438.31,8387.0,8387.0,1,0,0,1.22
PHerc0191,10528,no-division,20271443,position,3602.41,4254.31,8387.0,8387.0,1,0,0,1.22
PHerc0191,10528,no-division,10535,spread,3603.21,4251.06,8387.0,8387.0,1,0,0,1.22
PHerc0191,10528,no-division,133984,spread,3606.5,4255.64,8387.0,8387.0,1,0,0,1.22
PHerc0191,11221,as-is,20272136,position,3787.41,4632.75,8387.0,8387.0,1,0,0,1.22
PHerc0191,11221,no-division,20272136,position,3776.41,4623.75,8387.0,8387.0,1,0,0,1.22
PHerc0191,11221,no-division,11228,spread,3740.08,4598.0,8387.0,8387.0,1,0,0,1.22
PHerc0191,11221,no-division,134677,spread,4012.74,4371.84,8387.0,8387.0,1,0,0,1.22
PHerc0191,11914,as-is,20272829,position,4355.49,4365.53,8387.0,8387.0,1,0,0,1.22
PHerc0191,11914,no-division,20272829,position,4317.49,4370.53,8387.0,8387.0,1,0,0,1.22
PHerc0191,11914,no-division,11921,spread,4211.51,4385.52,8387.0,8387.0,1,0,0,1.22
PHerc0191,11914,no-division,135370,spread,4319.28,4445.09,8387.0,8387.0,1,0,0,1.22
PHerc0191,12607,as-is,20273522,position,3840.44,4806.23,8387.0,8387.0,1,0,0,1.22
PHerc0191,12607,no-division,20273522,position,4446.44,4480.23,8387.0,8387.0,1,0,0,1.22
PHerc0191,12607,no-division,12614,spread,4258.93,4615.57,8387.0,8387.0,1,0,0,1.22
PHerc0191,12607,no-division,136063,spread,4516.03,4561.74,8387.0,8387.0,1,0,0,1.22
PHerc0191,13300,as-is,20274215,position,3679.18,4801.69,8387.0,8387.0,1,0,0,1.22
PHerc0191,13300,no-division,20274215,position,4308.18,4803.69,8387.0,8387.0,1,0,0,1.22
PHerc0191,13300,no-division,13307,spread,4294.08,4795.19,8387.0,8387.0,1,0,0,1.22
PHerc0191,13300,no-division,136756,spread,4202.03,4476.24,8387.0,8387.0,1,0,0,1.22
PHerc0191,13993,as-is,20274908,position,4071.9,5408.59,8387.0,8387.0,1,0,0,1.22
PHerc0191,13993,no-division,20274908,position,4222.9,5526.59,8387.0,8387.0,1,0,0,1.22
PHerc0191,13993,no-division,14000,spread,4229.66,5523.9,8387.0,8387.0,1,0,0,1.22
PHerc0191,13993,no-division,137449,spread,4110.09,5512.17,8387.0,8387.0,1,0,0,1.22
PHerc0191,14686,as-is,20275601,position,4558.13,4355.48,8387.0,8387.0,1,0,0,1.22
PHerc0191,14686,no-division,20275601,position,4171.13,4341.48,8387.0,8387.0,1,0,0,1.22
PHerc0191,14686,no-division,14693,spread,4185.58,5417.8,8387.0,8387.0,1,0,0,1.22
PHerc0191,14686,no-division,138142,spread,4132.59,5440.33,8387.0,8387.0,1,0,0,1.22
PHerc0191,15379,as-is,20276294,position,3967.77,4749.94,8387.0,8387.0,1,0,0,1.22
PHerc0191,15379,no-division,20276294,position,4631.77,3642.94,8387.0,8387.0,1,0,0,1.22
PHerc0191,15379,no-division,15386,spread,3935.41,4405.82,8387.0,8387.0,1,0,0,1.22
PHerc0191,15379,no-division,138835,spread,4136.13,4871.02,8387.0,8387.0,1,0,0,1.22
PHerc0191,16072,as-is,20276987,position,4570.11,4184.66,8387.0,8387.0,1,0,0,1.22
PHerc0191,16072,no-division,20276987,position,4715.11,3826.66,8387.0,8387.0,1,0,0,1.22
PHerc0191,16072,no-division,16079,spread,4540.92,4108.24,8387.0,8387.0,1,0,0,1.22
PHerc0191,16072,no-division,139528,spread,4701.51,3815.71,8387.0,8387.0,1,0,0,1.22
PHerc0191,16765,as-is,20277680,position,3791.06,4500.65,8387.0,8387.0,1,0,0,1.22
PHerc0191,16765,no-division,20277680,position,4430.06,4004.65,8387.0,8387.0,1,0,0,1.22
PHerc0191,16765,no-division,16772,spread,4138.64,3675.46,8387.0,8387.0,1,0,0,1.22
PHerc0191,16765,no-division,140221,spread,4387.53,3918.43,8387.0,8387.0,1,0,0,1.22
PHerc0191,17458,as-is,20278373,position,3869.24,4159.77,8387.0,8387.0,1,0,0,1.22
PHerc0191,17458,no-division,20278373,position,3843.24,4088.77,8387.0,8387.0,1,0,0,1.22
PHerc0191,17458,no-division,17465,spread,3866.12,3948.57,8387.0,8387.0,1,0,0,1.22
PHerc0191,17458,no-division,140914,spread,4522.73,3916.11,8387.0,8387.0,1,0,0,1.22
PHerc0211,1553,as-is,20262468,position,4533.18,5398.67,7948.0,7948.0,1,0,0,1.22
PHerc0211,1553,no-division,20262468,position,5471.18,3696.67,7948.0,7948.0,1,0,0,1.22
PHerc0211,1553,no-division,1560,spread,5857.5,3631.43,7948.0,7948.0,1,0,0,1.22
PHerc0211,1553,no-division,125009,spread,3855.12,3728.82,7948.0,7948.0,1,0,0,1.22
PHerc0211,2262,as-is,20263177,position,2616.69,-4931.46,7948.0,7948.0,0,0,0,1.22
PHerc0211,2262,no-division,20263177,position,4507.69,5365.54,7948.0,7948.0,1,0,0,1.22
PHerc0211,2262,no-division,2269,spread,4557.49,5336.01,7948.0,7948.0,1,0,0,1.22
PHerc0211,2262,no-division,125718,spread,4314.15,5383.86,7948.0,7948.0,1,0,0,1.22
PHerc0211,2971,as-is,20263886,position,-23040.78,-188766.84,7948.0,7948.0,0,0,0,1.77
PHerc0211,2971,no-division,20263886,position,4015.22,4886.15,7948.0,7948.0,1,0,0,1.22
PHerc0211,2971,no-division,2978,spread,4326.9,4925.26,7948.0,7948.0,1,0,0,1.22
PHerc0211,2971,no-division,126427,spread,4300.74,4928.29,7948.0,7948.0,1,0,0,1.22
PHerc0211,3680,as-is,20264595,position,1891.44,-25907.87,7948.0,7948.0,0,0,0,1.27
PHerc0211,3680,no-division,20264595,position,4025.44,4387.13,7948.0,7948.0,1,0,0,1.22
PHerc0211,3680,no-division,3687,spread,4000.8,4361.06,7948.0,7948.0,1,0,0,1.22
PHerc0211,3680,no-division,127136,spread,3991.34,4370.55,7948.0,7948.0,1,0,0,1.22
PHerc0211,4389,as-is,20265304,position,4284.82,13959.31,7948.0,7948.0,0,0,0,1.22
PHerc0211,4389,no-division,20265304,position,3682.82,3985.31,7948.0,7948.0,1,0,0,1.22
PHerc0211,4389,no-division,4396,spread,3544.98,4162.98,7948.0,7948.0,1,0,0,1.22
PHerc0211,4389,no-division,127845,spread,3790.57,3964.21,7948.0,7948.0,1,0,0,1.22
PHerc0211,5098,as-is,20266013,position,3416.93,10675.65,7948.0,7948.0,0,0,0,1.22
PHerc0211,5098,no-division,20266013,position,3454.93,3928.65,7948.0,7948.0,1,0,0,1.22
PHerc0211,5098,no-division,5105,spread,3472.64,3917.96,7948.0,7948.0,1,0,0,1.22
PHerc0211,5098,no-division,128554,spread,3573.05,3807.51,7948.0,7948.0,1,0,0,1.22
PHerc0211,5807,as-is,20266722,position,3164.06,7756.22,7948.0,7948.0,1,0,0,1.22
PHerc0211,5807,no-division,20266722,position,3532.06,3917.22,7948.0,7948.0,1,0,0,1.22
PHerc0211,5807,no-division,5814,spread,3515.56,3898.89,7948.0,7948.0,1,0,0,1.22
PHerc0211,5807,no-division,129263,spread,3473.21,3891.91,7948.0,7948.0,1,0,0,1.22
PHerc0211,6517,as-is,20267432,position,2946.12,8164.19,7948.0,7948.0,0,0,0,1.22
PHerc0211,6517,no-division,20267432,position,3321.12,3904.19,7948.0,7948.0,1,0,0,1.22
PHerc0211,6517,no-division,6524,spread,3471.46,3889.01,7948.0,7948.0,1,0,0,1.22
PHerc0211,6517,no-division,129973,spread,3440.79,3909.22,7948.0,7948.0,1,0,0,1.22
PHerc0211,7226,as-is,20268141,position,2863.08,8204.79,7948.0,7948.0,0,0,0,1.22
PHerc0211,7226,no-division,20268141,position,3365.08,3808.79,7948.0,7948.0,1,0,0,1.22
PHerc0211,7226,no-division,7233,spread,3402.6,3815.14,7948.0,7948.0,1,0,0,1.22
PHerc0211,7226,no-division,130682,spread,3403.34,3808.43,7948.0,7948.0,1,0,0,1.22
PHerc0211,7935,as-is,20268850,position,2761.69,8676.89,7948.0,7948.0,0,0,0,1.22
PHerc0211,7935,no-division,20268850,position,3460.69,3732.9,7948.0,7948.0,1,0,0,1.22
PHerc0211,7935,no-division,7942,spread,3491.55,3728.33,7948.0,7948.0,1,0,0,1.17
PHerc0211,7935,no-division,131391,spread,3460.69,3726.48,7948.0,7948.0,1,0,0,1.22
PHerc0211,8644,as-is,20269559,position,921.66,13541.32,7948.0,7948.0,0,0,0,1.22
PHerc0211,8644,no-division,20269559,position,3433.66,3701.32,7948.0,7948.0,1,0,0,1.17
PHerc0211,8644,no-division,8651,spread,3392.77,3704.7,7948.0,7948.0,1,0,0,1.22
PHerc0211,8644,no-division,132100,spread,3436.91,3708.96,7948.0,7948.0,1,0,0,1.22
PHerc0211,9353,as-is,20270268,position,-223.4,16666.13,7948.0,7948.0,0,0,0,1.22
PHerc0211,9353,no-division,20270268,position,3410.6,3575.13,7948.0,7948.0,1,0,0,1.17
PHerc0211,9353,no-division,9360,spread,3482.02,3570.04,7948.0,7948.0,1,0,0,1.22
PHerc0211,9353,no-division,132809,spread,3448.93,3587.83,7948.0,7948.0,1,0,0,1.22
PHerc0211,10062,as-is,20270977,position,-4132.2,31375.51,7948.0,7948.0,0,0,0,1.27
PHerc0211,10062,no-division,20270977,position,3517.8,3392.51,7948.0,7948.0,1,0,0,1.22
PHerc0211,10062,no-division,10069,spread,3575.88,3366.49,7948.0,7948.0,1,0,0,1.22
PHerc0211,10062,no-division,133518,spread,3504.76,3413.16,7948.0,7948.0,1,0,0,1.22
PHerc0211,10771,as-is,20271686,position,1637.36,13553.1,7948.0,7948.0,0,0,0,1.22
PHerc0211,10771,no-division,20271686,position,3495.36,3003.1,7948.0,7948.0,1,0,0,1.17
PHerc0211,10771,no-division,10778,spread,3466.12,3010.66,7948.0,7948.0,1,0,0,1.22
PHerc0211,10771,no-division,134227,spread,3536.81,3002.46,7948.0,7948.0,1,0,0,1.22
PHerc0211,11480,as-is,20272395,position,2828.09,10459.16,7948.0,7948.0,0,0,0,1.22
PHerc0211,11480,no-division,20272395,position,3351.09,2799.16,7948.0,7948.0,1,0,0,1.22
PHerc0211,11480,no-division,11487,spread,3336.05,2813.9,7948.0,7948.0,1,0,0,1.22
PHerc0211,11480,no-division,134936,spread,3362.46,2806.96,7948.0,7948.0,1,0,0,1.22
PHerc0211,12189,as-is,20273104,position,3648.74,12304.26,7948.0,7948.0,0,0,0,1.22
PHerc0211,12189,no-division,20273104,position,3422.75,2383.26,7948.0,7948.0,1,0,0,1.22
PHerc0211,12189,no-division,12196,spread,3433.68,2385.01,7948.0,7948.0,1,0,0,1.22
PHerc0211,12189,no-division,135645,spread,3761.74,2803.27,7948.0,7948.0,1,0,0,1.22
PHerc0211,12898,as-is,20273813,position,3927.11,2853.3,7948.0,7948.0,1,0,0,1.22
PHerc0211,12898,no-division,20273813,position,3703.11,2880.3,7948.0,7948.0,1,0,0,1.22
PHerc0211,12898,no-division,12905,spread,3870.66,2844.22,7948.0,7948.0,1,0,0,1.22
PHerc0211,12898,no-division,136354,spread,3853.89,2823.22,7948.0,7948.0,1,0,0,1.22
PHerc0211,13608,as-is,20274523,position,3874.06,13825.28,7948.0,7948.0,0,0,0,1.22
PHerc0211,13608,no-division,20274523,position,4092.06,3099.28,7948.0,7948.0,1,0,0,1.22
PHerc0211,13608,no-division,13615,spread,4104.2,3101.92,7948.0,7948.0,1,0,0,1.22
PHerc0211,13608,no-division,137064,spread,4107.07,3091.16,7948.0,7948.0,1,0,0,1.22
PHerc0211,14317,as-is,20275232,position,4547.7,2623.43,7948.0,7948.0,1,0,0,1.22
PHerc0211,14317,no-division,20275232,position,4460.7,3270.43,7948.0,7948.0,1,0,0,1.22
PHerc0211,14317,no-division,14324,spread,4689.62,3491.1,7948.0,7948.0,1,0,0,1.22
PHerc0211,14317,no-division,137773,spread,4504.91,3304.45,7948.0,7948.0,1,0,0,1.22
PHerc0211,15026,as-is,20275941,position,3257.28,3361.79,7948.0,7948.0,1,0,0,1.22
PHerc0211,15026,no-division,20275941,position,4063.28,3757.79,7948.0,7948.0,1,0,0,1.22
PHerc0211,15026,no-division,15033,spread,4255.86,3490.6,7948.0,7948.0,1,0,0,1.22
PHerc0211,15026,no-division,138482,spread,4260.0,3621.57,7948.0,7948.0,1,0,0,1.22
PHerc0211,15735,as-is,20276650,position,2955.73,4000.89,7948.0,7948.0,1,0,0,1.22
PHerc0211,15735,no-division,20276650,position,3690.73,3515.89,7948.0,7948.0,1,0,0,1.22
PHerc0211,15735,no-division,15742,spread,3623.03,3446.25,7948.0,7948.0,1,0,0,1.22
PHerc0211,15735,no-division,139191,spread,3721.01,3571.7,7948.0,7948.0,1,0,0,1.22
PHerc0211,16444,as-is,20277359,position,4614.88,3381.66,7948.0,7948.0,1,0,0,1.22
PHerc0211,16444,no-division,20277359,position,2563.88,4533.66,7948.0,7948.0,1,0,0,1.22
PHerc0211,16444,no-division,16451,spread,2548.9,4536.5,7948.0,7948.0,1,0,0,1.22
PHerc0211,16444,no-division,139900,spread,2558.52,4544.78,7948.0,7948.0,1,0,0,1.22
PHerc0211,17153,as-is,20278068,position,3922.41,4249.2,7948.0,7948.0,1,0,0,1.22
PHerc0211,17153,no-division,20278068,position,2781.41,4666.2,7948.0,7948.0,1,0,0,1.17
PHerc0211,17153,no-division,17160,spread,2757.89,4672.71,7948.0,7948.0,1,0,0,1.22
PHerc0211,17153,no-division,140609,spread,2773.52,4668.87,7948.0,7948.0,1,0,0,1.22
PHerc0211,17862,as-is,20278777,position,2660.32,5898.26,7948.0,7948.0,1,0,0,1.22
PHerc0211,17862,no-division,20278777,position,3139.32,4963.26,7948.0,7948.0,1,0,0,1.22
PHerc0211,17862,no-division,17869,spread,3125.09,4959.68,7948.0,7948.0,1,0,0,1.22
PHerc0211,17862,no-division,141318,spread,3117.93,4971.94,7948.0,7948.0,1,0,0,1.22
PHerc0257,1509,as-is,20262424,position,-527.34,11797.55,8388.0,8388.0,0,0,0,1.22
PHerc0257,1509,no-division,20262424,position,5829.66,5354.55,8388.0,8388.0,1,0,0,1.22
PHerc0257,1509,no-division,1516,spread,5872.68,5336.38,8388.0,8388.0,1,0,0,1.22
PHerc0257,1509,no-division,124965,spread,5874.47,5308.02,8388.0,8388.0,1,0,0,1.22
PHerc0257,2198,as-is,20263113,position,-1891.39,-3611.81,8388.0,8388.0,0,0,0,1.22
PHerc0257,2198,no-division,20263113,position,4434.61,4322.19,8388.0,8388.0,1,0,0,1.22
PHerc0257,2198,no-division,2205,spread,4430.72,4289.94,8388.0,8388.0,1,0,0,1.22
PHerc0257,2198,no-division,125654,spread,4426.11,4306.94,8388.0,8388.0,1,0,0,1.22
PHerc0257,2888,as-is,20263803,position,4618.7,5465.44,8388.0,8388.0,1,0,0,1.22
PHerc0257,2888,no-division,20263803,position,4459.7,5445.44,8388.0,8388.0,1,0,0,1.22
PHerc0257,2888,no-division,2895,spread,4601.51,5428.85,8388.0,8388.0,1,0,0,1.22
PHerc0257,2888,no-division,126344,spread,4557.82,5489.73,8388.0,8388.0,1,0,0,1.22
PHerc0257,3577,as-is,20264492,position,4431.27,5506.64,8388.0,8388.0,1,0,0,1.22
PHerc0257,3577,no-division,20264492,position,4395.27,5535.64,8388.0,8388.0,1,0,0,1.22
PHerc0257,3577,no-division,3584,spread,4417.67,5504.04,8388.0,8388.0,1,0,0,1.22
PHerc0257,3577,no-division,127033,spread,4420.37,5497.62,8388.0,8388.0,1,0,0,1.22
PHerc0257,4266,as-is,20265181,position,4674.0,5337.18,8388.0,8388.0,1,0,0,1.22
PHerc0257,4266,no-division,20265181,position,4707.0,5193.18,8388.0,8388.0,1,0,0,1.22
PHerc0257,4266,no-division,4273,spread,4755.06,5189.65,8388.0,8388.0,1,0,0,1.22
PHerc0257,4266,no-division,127722,spread,4716.96,5283.25,8388.0,8388.0,1,0,0,1.22
PHerc0257,4955,as-is,20265870,position,4954.34,4787.22,8388.0,8388.0,1,0,0,1.22
PHerc0257,4955,no-division,20265870,position,4942.34,4764.22,8388.0,8388.0,1,0,0,1.22
PHerc0257,4955,no-division,4962,spread,4624.53,4787.81,8388.0,8388.0,1,0,0,1.22
PHerc0257,4955,no-division,128411,spread,4675.95,4994.96,8388.0,8388.0,1,0,0,1.22
PHerc0257,5645,as-is,20266560,position,4179.11,4712.67,8388.0,8388.0,1,0,0,1.22
PHerc0257,5645,no-division,20266560,position,4745.11,4894.67,8388.0,8388.0,1,0,0,1.27
PHerc0257,5645,no-division,5652,spread,4273.96,4756.19,8388.0,8388.0,1,0,0,1.22
PHerc0257,5645,no-division,129101,spread,4266.83,4732.34,8388.0,8388.0,1,0,0,1.22
PHerc0257,6334,as-is,20267249,position,4580.13,4630.67,8388.0,8388.0,1,0,0,1.22
PHerc0257,6334,no-division,20267249,position,4627.13,4904.67,8388.0,8388.0,1,0,0,1.22
PHerc0257,6334,no-division,6341,spread,4449.56,5090.68,8388.0,8388.0,1,0,0,1.22
PHerc0257,6334,no-division,129790,spread,4494.29,4960.23,8388.0,8388.0,1,0,0,1.22
PHerc0257,7023,as-is,20267938,position,4144.13,4539.09,8388.0,8388.0,1,0,0,1.22
PHerc0257,7023,no-division,20267938,position,4258.13,4347.09,8388.0,8388.0,1,0,0,1.22
PHerc0257,7023,no-division,7030,spread,4180.83,4327.73,8388.0,8388.0,1,0,0,1.22
PHerc0257,7023,no-division,130479,spread,4146.77,4484.82,8388.0,8388.0,1,0,0,1.22
PHerc0257,7712,as-is,20268627,position,1208.84,5594.94,8388.0,8388.0,1,0,0,1.22
PHerc0257,7712,no-division,20268627,position,3889.84,3933.94,8388.0,8388.0,1,0,0,1.27
PHerc0257,7712,no-division,7719,spread,3811.86,3880.58,8388.0,8388.0,1,0,0,1.22
PHerc0257,7712,no-division,131168,spread,3907.13,3905.83,8388.0,8388.0,1,0,0,1.22
PHerc0257,8402,as-is,20269317,position,-8.57,5100.67,8388.0,8388.0,0,0,0,1.22
PHerc0257,8402,no-division,20269317,position,4054.43,3522.67,8388.0,8388.0,1,0,0,1.22
PHerc0257,8402,no-division,8409,spread,4094.76,3523.32,8388.0,8388.0,1,0,0,1.22
PHerc0257,8402,no-division,131858,spread,4064.45,3622.64,8388.0,8388.0,1,0,0,1.22
PHerc0257,9091,as-is,20270006,position,1033.54,4420.35,8388.0,8388.0,1,0,0,1.22
PHerc0257,9091,no-division,20270006,position,4185.54,3599.35,8388.0,8388.0,1,0,0,1.22
PHerc0257,9091,no-division,9098,spread,4151.87,3606.16,8388.0,8388.0,1,0,0,1.22
PHerc0257,9091,no-division,132547,spread,4136.9,3633.65,8388.0,8388.0,1,0,0,1.22
PHerc0257,9780,as-is,20270695,position,1062.45,5051.23,8388.0,8388.0,1,0,0,1.22
PHerc0257,9780,no-division,20270695,position,3838.45,3066.23,8388.0,8388.0,1,0,0,1.22
PHerc0257,9780,no-division,9787,spread,3949.61,3230.92,8388.0,8388.0,1,0,0,1.22
PHerc0257,9780,no-division,133236,spread,3831.86,2996.88,8388.0,8388.0,1,0,0,1.22
PHerc0257,10469,as-is,20271384,position,989.98,5283.29,8388.0,8388.0,1,0,0,1.22
PHerc0257,10469,no-division,20271384,position,4116.98,3615.29,8388.0,8388.0,1,0,0,1.22
PHerc0257,10469,no-division,10476,spread,4094.27,3505.99,8388.0,8388.0,1,0,0,1.22
PHerc0257,10469,no-division,133925,spread,4096.44,3529.69,8388.0,8388.0,1,0,0,1.22
PHerc0257,11159,as-is,20272074,position,436.8,5649.85,8388.0,8388.0,1,0,0,1.22
PHerc0257,11159,no-division,20272074,position,3865.8,3667.85,8388.0,8388.0,1,0,0,1.22
PHerc0257,11159,no-division,11166,spread,3866.79,3641.42,8388.0,8388.0,1,0,0,1.22
PHerc0257,11159,no-division,134615,spread,3868.95,3437.28,8388.0,8388.0,1,0,0,1.22
PHerc0257,11848,as-is,20272763,position,1333.94,5617.67,8388.0,8388.0,1,0,0,1.22
PHerc0257,11848,no-division,20272763,position,3724.94,3454.67,8388.0,8388.0,1,0,0,1.22
PHerc0257,11848,no-division,11855,spread,3712.51,3393.22,8388.0,8388.0,1,0,0,1.22
PHerc0257,11848,no-division,135304,spread,3891.32,3396.59,8388.0,8388.0,1,0,0,1.22
PHerc0257,12537,as-is,20273452,position,1377.36,5544.9,8388.0,8388.0,1,0,0,1.22
PHerc0257,12537,no-division,20273452,position,4177.36,3863.9,8388.0,8388.0,1,0,0,1.22
PHerc0257,12537,no-division,12544,spread,4336.34,3344.87,8388.0,8388.0,1,0,0,1.22
PHerc0257,12537,no-division,135993,spread,4134.22,3828.85,8388.0,8388.0,1,0,0,1.22
PHerc0257,13226,as-is,20274141,position,1187.25,5931.67,8388.0,8388.0,1,0,0,1.22
PHerc0257,13226,no-division,20274141,position,4009.25,3854.67,8388.0,8388.0,1,0,0,1.22
PHerc0257,13226,no-division,13233,spread,3990.58,3809.07,8388.0,8388.0,1,0,0,1.22
PHerc0257,13226,no-division,136682,spread,3995.31,3825.09,8388.0,8388.0,1,0,0,1.22
PHerc0257,13916,as-is,20274831,position,-568.13,6880.4,8388.0,8388.0,0,0,0,1.22
PHerc0257,13916,no-division,20274831,position,3981.87,3760.4,8388.0,8388.0,1,0,0,1.22
PHerc0257,13916,no-division,13923,spread,3947.51,3712.51,8388.0,8388.0,1,0,0,1.22
PHerc0257,13916,no-division,137372,spread,3939.4,3711.13,8388.0,8388.0,1,0,0,1.22
PHerc0257,14605,as-is,20275520,position,-1345.55,7779.55,8388.0,8388.0,0,0,0,1.17
PHerc0257,14605,no-division,20275520,position,3983.45,4139.55,8388.0,8388.0,1,0,0,1.22
PHerc0257,14605,no-division,14612,spread,3987.56,4155.94,8388.0,8388.0,1,0,0,1.22
PHerc0257,14605,no-division,138061,spread,3956.07,3983.55,8388.0,8388.0,1,0,0,1.22
PHerc0257,15294,as-is,20276209,position,2481.89,6630.97,8388.0,8388.0,1,0,0,1.22
PHerc0257,15294,no-division,20276209,position,4263.89,4302.97,8388.0,8388.0,1,0,0,1.22
PHerc0257,15294,no-division,15301,spread,4169.76,4231.96,8388.0,8388.0,1,0,0,1.22
PHerc0257,15294,no-division,138750,spread,4178.41,4240.43,8388.0,8388.0,1,0,0,1.22
PHerc0257,15983,as-is,20276898,position,4234.98,4317.26,8388.0,8388.0,1,0,0,1.22
PHerc0257,15983,no-division,20276898,position,4235.98,4317.26,8388.0,8388.0,1,0,0,1.22
PHerc0257,15983,no-division,15990,spread,4006.21,4101.64,8388.0,8388.0,1,0,0,1.22
PHerc0257,15983,no-division,139439,spread,4197.62,4201.45,8388.0,8388.0,1,0,0,1.17
PHerc0257,16673,as-is,20277588,position,-2651.3,16186.77,8388.0,8388.0,0,0,0,1.22
PHerc0257,16673,no-division,20277588,position,4417.7,4126.77,8388.0,8388.0,1,0,0,1.22
PHerc0257,16673,no-division,16680,spread,4427.63,4155.83,8388.0,8388.0,1,0,0,1.22
PHerc0257,16673,no-division,140129,spread,4421.18,4120.9,8388.0,8388.0,1,0,0,1.22
PHerc0257,17362,as-is,20278277,position,4279.2,4574.89,8388.0,8388.0,1,0,0,1.22
PHerc0257,17362,no-division,20278277,position,3861.2,4006.89,8388.0,8388.0,1,0,0,1.22
PHerc0257,17362,no-division,17369,spread,3848.63,4000.63,8388.0,8388.0,1,0,0,1.22
PHerc0257,17362,no-division,140818,spread,3865.24,3982.61,8388.0,8388.0,1,0,0,1.22
PHerc0268,1186,as-is,20262101,position,32453.77,48383.09,12145.0,12145.0,0,0,0,1.32
PHerc0268,1186,no-division,20262101,position,8109.77,4551.09,12145.0,12145.0,1,0,0,1.22
PHerc0268,1186,no-division,1193,spread,5665.23,5146.65,12145.0,12145.0,1,0,0,1.22
PHerc0268,1186,no-division,124642,spread,5717.92,5090.52,12145.0,12145.0,1,0,0,1.22
PHerc0268,1728,as-is,20262643,position,7428.11,12246.1,12145.0,12145.0,0,0,0,1.22
PHerc0268,1728,no-division,20262643,position,5521.11,4138.1,12145.0,12145.0,1,0,0,1.22
PHerc0268,1728,no-division,1735,spread,6169.99,6285.56,12145.0,12145.0,1,0,0,1.22
PHerc0268,1728,no-division,125184,spread,5378.15,4386.49,12145.0,12145.0,1,0,0,1.22
PHerc0268,2270,as-is,20263185,position,7077.07,9129.47,12145.0,12145.0,1,0,0,1.22
PHerc0268,2270,no-division,20263185,position,7754.07,4371.47,12145.0,12145.0,1,0,0,1.22
PHerc0268,2270,no-division,2277,spread,7765.54,4379.85,12145.0,12145.0,1,0,0,1.22
PHerc0268,2270,no-division,125726,spread,7750.96,4397.55,12145.0,12145.0,1,0,0,1.22
PHerc0268,2811,as-is,20263726,position,6758.59,9612.71,12145.0,12145.0,1,0,0,1.22
PHerc0268,2811,no-division,20263726,position,7539.59,5206.71,12145.0,12145.0,1,0,0,1.22
PHerc0268,2811,no-division,2818,spread,7345.41,5123.3,12145.0,12145.0,1,0,0,1.27
PHerc0268,2811,no-division,126267,spread,7685.4,5423.29,12145.0,12145.0,1,0,0,1.22
PHerc0268,3353,as-is,20264268,position,5676.03,5816.98,12145.0,12145.0,1,0,0,1.22
PHerc0268,3353,no-division,20264268,position,6109.03,6485.98,12145.0,12145.0,1,0,0,1.27
PHerc0268,3353,no-division,3360,spread,5960.68,6563.62,12145.0,12145.0,1,0,0,1.22
PHerc0268,3353,no-division,126809,spread,6167.7,6408.71,12145.0,12145.0,1,0,0,1.22
PHerc0268,3895,as-is,20264810,position,19568.05,125279.81,12145.0,12145.0,0,0,0,1.37
PHerc0268,3895,no-division,20264810,position,5193.05,6503.81,12145.0,12145.0,1,0,0,1.27
PHerc0268,3895,no-division,3902,spread,5188.98,6637.83,12145.0,12145.0,1,0,0,1.22
PHerc0268,3895,no-division,127351,spread,4883.38,6255.17,12145.0,12145.0,1,0,0,1.27
PHerc0268,4437,as-is,20265352,position,6057.96,5730.3,12145.0,12145.0,1,0,0,1.27
PHerc0268,4437,no-division,20265352,position,5698.96,6536.3,12145.0,12145.0,1,0,0,1.27
PHerc0268,4437,no-division,4444,spread,5346.77,6385.23,12145.0,12145.0,1,0,0,1.22
PHerc0268,4437,no-division,127893,spread,5545.26,6943.6,12145.0,12145.0,1,0,0,1.27
PHerc0268,4978,as-is,20265893,position,5995.94,5742.4,12145.0,12145.0,1,0,0,1.27
PHerc0268,4978,no-division,20265893,position,5832.94,5567.4,12145.0,12145.0,1,0,0,1.27
PHerc0268,4978,no-division,4985,spread,5617.99,6327.67,12145.0,12145.0,1,0,0,1.22
PHerc0268,4978,no-division,128434,spread,5749.86,5603.23,12145.0,12145.0,1,0,0,1.27
PHerc0268,5520,as-is,20266435,position,6136.33,5043.12,12145.0,12145.0,1,0,0,1.27
PHerc0268,5520,no-division,20266435,position,6138.33,5043.12,12145.0,12145.0,1,0,0,1.27
PHerc0268,5520,no-division,5527,spread,5756.38,4832.66,12145.0,12145.0,1,0,0,1.22
PHerc0268,5520,no-division,128976,spread,6077.81,5318.21,12145.0,12145.0,1,0,0,1.22
PHerc0268,6062,as-is,20266977,position,5218.89,5702.94,12145.0,12145.0,1,0,0,1.22
PHerc0268,6062,no-division,20266977,position,6200.89,4254.94,12145.0,12145.0,1,0,0,1.22
PHerc0268,6062,no-division,6069,spread,6307.19,4127.31,12145.0,12145.0,1,0,0,1.27
PHerc0268,6062,no-division,129518,spread,6002.75,4003.26,12145.0,12145.0,1,0,0,1.22
PHerc0268,6603,as-is,20267518,position,6922.84,4218.54,12145.0,12145.0,1,0,0,1.27
PHerc0268,6603,no-division,20267518,position,6266.84,3984.54,12145.0,12145.0,1,0,0,1.27
PHerc0268,6603,no-division,6610,spread,6010.36,4561.77,12145.0,12145.0,1,0,0,1.22
PHerc0268,6603,no-division,130059,spread,5866.13,4519.34,12145.0,12145.0,1,0,0,1.27
PHerc0268,7145,as-is,20268060,position,5697.32,5118.79,12145.0,12145.0,1,0,0,1.27
PHerc0268,7145,no-division,20268060,position,6311.32,4320.79,12145.0,12145.0,1,0,0,1.22
PHerc0268,7145,no-division,7152,spread,6270.93,4317.17,12145.0,12145.0,1,0,0,1.22
PHerc0268,7145,no-division,130601,spread,5671.22,4566.21,12145.0,12145.0,1,0,0,1.22
PHerc0268,7687,as-is,20268602,position,6272.04,5579.89,12145.0,12145.0,1,0,0,1.27
PHerc0268,7687,no-division,20268602,position,5944.04,5267.89,12145.0,12145.0,1,0,0,1.22
PHerc0268,7687,no-division,7694,spread,6023.84,5179.65,12145.0,12145.0,1,0,0,1.22
PHerc0268,7687,no-division,131143,spread,5633.35,4754.22,12145.0,12145.0,1,0,0,1.22
PHerc0268,8229,as-is,20269144,position,6167.42,6156.13,12145.0,12145.0,1,0,0,1.27
PHerc0268,8229,no-division,20269144,position,5992.42,5194.13,12145.0,12145.0,1,0,0,1.22
PHerc0268,8229,no-division,8236,spread,6185.29,5016.12,12145.0,12145.0,1,0,0,1.27
PHerc0268,8229,no-division,131685,spread,5885.41,4920.82,12145.0,12145.0,1,0,0,1.22
PHerc0268,8770,as-is,20269685,position,6226.19,6225.8,12145.0,12145.0,1,0,0,1.22
PHerc0268,8770,no-division,20269685,position,6518.19,6987.8,12145.0,12145.0,1,0,0,1.22
PHerc0268,8770,no-division,8777,spread,6560.87,6937.5,12145.0,12145.0,1,0,0,1.22
PHerc0268,8770,no-division,132226,spread,5554.08,7478.45,12145.0,12145.0,1,0,0,1.22
PHerc0268,9312,as-is,20270227,position,5829.48,5910.11,12145.0,12145.0,1,0,0,1.27
PHerc0268,9312,no-division,20270227,position,6152.48,6722.11,12145.0,12145.0,1,0,0,1.22
PHerc0268,9312,no-division,9319,spread,6055.87,6786.84,12145.0,12145.0,1,0,0,1.22
PHerc0268,9312,no-division,132768,spread,6347.5,6630.11,12145.0,12145.0,1,0,0,1.27
PHerc0268,9854,as-is,20270769,position,6449.16,6575.83,12145.0,12145.0,1,0,0,1.22
PHerc0268,9854,no-division,20270769,position,6285.16,7912.83,12145.0,12145.0,1,0,0,1.27
PHerc0268,9854,no-division,9861,spread,6255.47,7659.3,12145.0,12145.0,1,0,0,1.27
PHerc0268,9854,no-division,133310,spread,6143.41,7747.78,12145.0,12145.0,1,0,0,1.22
PHerc0268,10395,as-is,20271310,position,5727.52,6337.37,12145.0,12145.0,1,0,0,1.27
PHerc0268,10395,no-division,20271310,position,6305.52,8170.37,12145.0,12145.0,1,0,0,1.22
PHerc0268,10395,no-division,10402,spread,6069.07,8097.55,12145.0,12145.0,1,0,0,1.27
PHerc0268,10395,no-division,133851,spread,6389.67,8206.05,12145.0,12145.0,1,0,0,1.27
PHerc0268,10937,as-is,20271852,position,6255.65,7562.2,12145.0,12145.0,1,0,0,1.27
PHerc0268,10937,no-division,20271852,position,6142.65,7875.2,12145.0,12145.0,1,0,0,1.27
PHerc0268,10937,no-division,10944,spread,6440.94,7945.21,12145.0,12145.0,1,0,0,1.27
PHerc0268,10937,no-division,134393,spread,6512.77,7982.2,12145.0,12145.0,1,0,0,1.27
PHerc0268,11479,as-is,20272394,position,6386.15,7607.79,12145.0,12145.0,1,0,0,1.27
PHerc0268,11479,no-division,20272394,position,6386.15,7614.79,12145.0,12145.0,1,0,0,1.22
PHerc0268,11479,no-division,11486,spread,6563.48,7495.92,12145.0,12145.0,1,0,0,1.22
PHerc0268,11479,no-division,134935,spread,6237.65,7598.04,12145.0,12145.0,1,0,0,1.27
PHerc0268,12021,as-is,20272936,position,4098.43,1343.82,12145.0,12145.0,1,0,0,1.22
PHerc0268,12021,no-division,20272936,position,6603.43,3861.82,12145.0,12145.0,1,0,0,1.22
PHerc0268,12021,no-division,12028,spread,6599.54,3833.89,12145.0,12145.0,1,0,0,1.27
PHerc0268,12021,no-division,135477,spread,6637.96,3831.67,12145.0,12145.0,1,0,0,1.22
PHerc0268,12562,as-is,20273477,position,6398.26,6021.52,12145.0,12145.0,1,0,0,1.22
PHerc0268,12562,no-division,20273477,position,5920.26,6952.52,12145.0,12145.0,1,0,0,1.22
PHerc0268,12562,no-division,12569,spread,6417.0,6687.85,12145.0,12145.0,1,0,0,1.22
PHerc0268,12562,no-division,136018,spread,6251.64,7012.38,12145.0,12145.0,1,0,0,1.22
PHerc0268,13104,as-is,20274019,position,5940.35,5281.16,12145.0,12145.0,1,0,0,1.17
PHerc0268,13104,no-division,20274019,position,4621.35,8322.16,12145.0,12145.0,1,0,0,1.22
PHerc0268,13104,no-division,13111,spread,6188.07,8250.52,12145.0,12145.0,1,0,0,1.22
PHerc0268,13104,no-division,136560,spread,6171.96,8333.66,12145.0,12145.0,1,0,0,1.22
PHerc0268,13646,as-is,20274561,position,5654.7,4981.29,12145.0,12145.0,1,0,0,1.17
PHerc0268,13646,no-division,20274561,position,6263.7,9902.29,12145.0,12145.0,1,0,0,1.22
PHerc0268,13646,no-division,13653,spread,6431.31,9795.51,12145.0,12145.0,1,0,0,1.22
PHerc0268,13646,no-division,137102,spread,6234.04,9890.22,12145.0,12145.0,1,0,0,1.22
PHerc0306B,1271,as-is,20262186,position,4366.56,39.86,8849.0,8849.0,1,0,0,1.22
PHerc0306B,1271,no-division,20262186,position,3869.56,5343.86,8849.0,8849.0,1,0,0,1.17
PHerc0306B,1271,no-division,1278,spread,3803.71,5436.0,8849.0,8849.0,1,0,0,1.22
PHerc0306B,1271,no-division,124727,spread,4775.75,5853.6,8849.0,8849.0,1,0,0,1.27
PHerc0306B,1852,as-is,20262767,position,4465.86,961.95,8849.0,8849.0,1,0,0,1.22
PHerc0306B,1852,no-division,20262767,position,4158.86,4927.95,8849.0,8849.0,1,0,0,1.22
PHerc0306B,1852,no-division,1859,spread,4016.39,4921.06,8849.0,8849.0,1,0,0,1.22
PHerc0306B,1852,no-division,125308,spread,4243.87,5167.64,8849.0,8849.0,1,0,0,1.22
PHerc0306B,2433,as-is,20263348,position,4436.61,-1045.52,8849.0,8849.0,0,0,0,1.22
PHerc0306B,2433,no-division,20263348,position,4415.61,4873.48,8849.0,8849.0,1,0,0,1.22
PHerc0306B,2433,no-division,2440,spread,4385.89,4882.46,8849.0,8849.0,1,0,0,1.22
PHerc0306B,2433,no-division,125889,spread,4357.77,4886.75,8849.0,8849.0,1,0,0,1.22
PHerc0306B,3013,as-is,20263928,position,4260.2,4558.05,8849.0,8849.0,1,0,0,1.22
PHerc0306B,3013,no-division,20263928,position,4262.2,4578.05,8849.0,8849.0,1,0,0,1.22
PHerc0306B,3013,no-division,3020,spread,4237.38,4567.74,8849.0,8849.0,1,0,0,1.22
PHerc0306B,3013,no-division,126469,spread,4110.47,4750.39,8849.0,8849.0,1,0,0,1.22
PHerc0306B,3594,as-is,20264509,position,4311.87,4751.15,8849.0,8849.0,1,0,0,1.17
PHerc0306B,3594,no-division,20264509,position,4481.87,4817.15,8849.0,8849.0,1,0,0,1.22
PHerc0306B,3594,no-division,3601,spread,4448.55,4878.4,8849.0,8849.0,1,0,0,1.22
PHerc0306B,3594,no-division,127050,spread,4341.78,4802.9,8849.0,8849.0,1,0,0,1.22
PHerc0306B,4174,as-is,20265089,position,4339.19,4370.11,8849.0,8849.0,1,0,0,1.22
PHerc0306B,4174,no-division,20265089,position,4551.19,4866.11,8849.0,8849.0,1,0,0,1.22
PHerc0306B,4174,no-division,4181,spread,4225.04,5540.24,8849.0,8849.0,1,0,0,1.22
PHerc0306B,4174,no-division,127630,spread,4586.37,4851.36,8849.0,8849.0,1,0,0,1.27
PHerc0306B,4755,as-is,20265670,position,3861.67,5259.64,8849.0,8849.0,1,0,0,1.22
PHerc0306B,4755,no-division,20265670,position,4466.67,5253.64,8849.0,8849.0,1,0,0,1.22
PHerc0306B,4755,no-division,4762,spread,4358.93,5181.7,8849.0,8849.0,1,0,0,1.22
PHerc0306B,4755,no-division,128211,spread,4486.32,5129.7,8849.0,8849.0,1,0,0,1.22
PHerc0306B,5336,as-is,20266251,position,5113.56,4760.29,8849.0,8849.0,1,0,0,1.22
PHerc0306B,5336,no-division,20266251,position,4166.56,4842.29,8849.0,8849.0,1,0,0,1.27
PHerc0306B,5336,no-division,5343,spread,4306.33,5099.07,8849.0,8849.0,1,0,0,1.22
PHerc0306B,5336,no-division,128792,spread,4182.49,5178.43,8849.0,8849.0,1,0,0,1.22
PHerc0306B,5916,as-is,20266831,position,4496.79,5269.11,8849.0,8849.0,1,0,0,1.22
PHerc0306B,5916,no-division,20266831,position,4493.79,5267.11,8849.0,8849.0,1,0,0,1.22
PHerc0306B,5916,no-division,5923,spread,4499.16,4994.81,8849.0,8849.0,1,0,0,1.22
PHerc0306B,5916,no-division,129372,spread,4470.42,5253.04,8849.0,8849.0,1,0,0,1.22
PHerc0306B,6497,as-is,20267412,position,7531.3,-2968.32,8849.0,8849.0,0,0,0,1.27
PHerc0306B,6497,no-division,20267412,position,4247.3,4935.68,8849.0,8849.0,1,0,0,1.22
PHerc0306B,6497,no-division,6504,spread,4403.98,4224.6,8849.0,8849.0,1,0,0,1.22
PHerc0306B,6497,no-division,129953,spread,4462.52,4860.47,8849.0,8849.0,1,0,0,1.22
PHerc0306B,7078,as-is,20267993,position,8470.99,-11215.01,8849.0,8849.0,0,0,0,1.22
PHerc0306B,7078,no-division,20267993,position,4662.99,5020.99,8849.0,8849.0,1,0,0,1.22
PHerc0306B,7078,no-division,7085,spread,4620.33,4983.43,8849.0,8849.0,1,0,0,1.22
PHerc0306B,7078,no-division,130534,spread,4659.74,5044.67,8849.0,8849.0,1,0,0,1.22
PHerc0306B,7658,as-is,20268573,position,6580.96,-1378.52,8849.0,8849.0,0,0,0,1.22
PHerc0306B,7658,no-division,20268573,position,4654.96,4854.48,8849.0,8849.0,1,0,0,1.22
PHerc0306B,7658,no-division,7665,spread,4555.82,4783.34,8849.0,8849.0,1,0,0,1.22
PHerc0306B,7658,no-division,131114,spread,4426.56,4707.63,8849.0,8849.0,1,0,0,1.22
PHerc0306B,8239,as-is,20269154,position,6064.56,73.32,8849.0,8849.0,1,0,0,1.22
PHerc0306B,8239,no-division,20269154,position,4828.56,4719.32,8849.0,8849.0,1,0,0,1.22
PHerc0306B,8239,no-division,8246,spread,4855.89,4684.03,8849.0,8849.0,1,0,0,1.22
PHerc0306B,8239,no-division,131695,spread,4840.39,4689.1,8849.0,8849.0,1,0,0,1.22
PHerc0306B,8819,as-is,20269734,position,4956.39,4548.93,8849.0,8849.0,1,0,0,1.22
PHerc0306B,8819,no-division,20269734,position,5179.39,4625.93,8849.0,8849.0,1,0,0,1.22
PHerc0306B,8819,no-division,8826,spread,4909.9,4586.51,8849.0,8849.0,1,0,0,1.17
PHerc0306B,8819,no-division,132275,spread,5122.41,4618.7,8849.0,8849.0,1,0,0,1.22
PHerc0306B,9400,as-is,20270315,position,5052.04,4170.91,8849.0,8849.0,1,0,0,1.22
PHerc0306B,9400,no-division,20270315,position,4928.04,4458.91,8849.0,8849.0,1,0,0,1.22
PHerc0306B,9400,no-division,9407,spread,4958.05,4391.9,8849.0,8849.0,1,0,0,1.22
PHerc0306B,9400,no-division,132856,spread,5075.82,4351.46,8849.0,8849.0,1,0,0,1.22
PHerc0306B,9981,as-is,20270896,position,5042.05,4010.33,8849.0,8849.0,1,0,0,1.17
PHerc0306B,9981,no-division,20270896,position,5033.05,4017.33,8849.0,8849.0,1,0,0,1.22
PHerc0306B,9981,no-division,9988,spread,4951.84,3926.83,8849.0,8849.0,1,0,0,1.22
PHerc0306B,9981,no-division,133437,spread,5008.43,3992.01,8849.0,8849.0,1,0,0,1.22
PHerc0306B,10561,as-is,20271476,position,4895.81,3874.0,8849.0,8849.0,1,0,0,1.22
PHerc0306B,10561,no-division,20271476,position,4873.81,3567.0,8849.0,8849.0,1,0,0,1.22
PHerc0306B,10561,no-division,10568,spread,4988.56,3706.16,8849.0,8849.0,1,0,0,1.22
PHerc0306B,10561,no-division,134017,spread,4953.58,3568.8,8849.0,8849.0,1,0,0,1.22
PHerc0306B,11142,as-is,20272057,position,5039.59,3369.84,8849.0,8849.0,1,0,0,1.22
PHerc0306B,11142,no-division,20272057,position,5054.59,3356.84,8849.0,8849.0,1,0,0,1.22
PHerc0306B,11142,no-division,11149,spread,4931.42,3513.23,8849.0,8849.0,1,0,0,1.22
PHerc0306B,11142,no-division,134598,spread,4952.52,3474.55,8849.0,8849.0,1,0,0,1.22
PHerc0306B,11723,as-is,20272638,position,4154.03,6785.0,8849.0,8849.0,1,0,0,1.22
PHerc0306B,11723,no-division,20272638,position,5125.03,3373.0,8849.0,8849.0,1,0,0,1.22
PHerc0306B,11723,no-division,11730,spread,5024.69,3218.93,8849.0,8849.0,1,0,0,1.22
PHerc0306B,11723,no-division,135179,spread,4911.54,3212.9,8849.0,8849.0,1,0,0,1.22
PHerc0306B,12303,as-is,20273218,position,4300.69,8656.5,8849.0,8849.0,1,0,0,1.22
PHerc0306B,12303,no-division,20273218,position,4914.69,2885.5,8849.0,8849.0,1,0,0,1.22
PHerc0306B,12303,no-division,12310,spread,4817.23,2878.02,8849.0,8849.0,1,0,0,1.22
PHerc0306B,12303,no-division,135759,spread,4695.05,2841.5,8849.0,8849.0,1,0,0,1.22
PHerc0306B,12884,as-is,20273799,position,4820.29,6725.68,8849.0,8849.0,1,0,0,1.22
PHerc0306B,12884,no-division,20273799,position,4302.29,3475.68,8849.0,8849.0,1,0,0,1.22
PHerc0306B,12884,no-division,12891,spread,4318.17,3022.51,8849.0,8849.0,1,0,0,1.22
PHerc0306B,12884,no-division,136340,spread,4305.31,2920.93,8849.0,8849.0,1,0,0,1.22
PHerc0306B,13464,as-is,20274379,position,4718.06,6704.55,8849.0,8849.0,1,0,0,1.22
PHerc0306B,13464,no-division,20274379,position,3691.06,3645.55,8849.0,8849.0,1,0,0,1.22
PHerc0306B,13464,no-division,13471,spread,4365.01,2786.48,8849.0,8849.0,1,0,0,1.22
PHerc0306B,13464,no-division,136920,spread,4369.9,2789.71,8849.0,8849.0,1,0,0,1.22
PHerc0306B,14045,as-is,20274960,position,4596.33,5581.04,8849.0,8849.0,1,0,0,1.22
PHerc0306B,14045,no-division,20274960,position,4322.33,2731.04,8849.0,8849.0,1,0,0,1.22
PHerc0306B,14045,no-division,14052,spread,4296.41,2721.16,8849.0,8849.0,1,0,0,1.22
PHerc0306B,14045,no-division,137501,spread,4303.69,2731.85,8849.0,8849.0,1,0,0,1.17
PHerc0306B,14626,as-is,20275541,position,3834.56,5378.65,8849.0,8849.0,1,0,0,1.22
PHerc0306B,14626,no-division,20275541,position,4910.56,3375.65,8849.0,8849.0,1,0,0,1.27
PHerc0306B,14626,no-division,14633,spread,4853.78,3329.94,8849.0,8849.0,1,0,0,1.22
PHerc0306B,14626,no-division,138082,spread,4931.03,3399.22,8849.0,8849.0,1,0,0,1.22
PHerc0332,671,as-is,20261586,position,1807.76,2082.03,3941.0,3941.0,1,0,0,1.22
PHerc0332,671,no-division,20261586,position,2586.76,2540.03,3941.0,3941.0,1,0,0,1.22
PHerc0332,671,no-division,678,spread,2239.28,2125.81,3941.0,3941.0,1,0,0,1.29
PHerc0332,671,no-division,124127,spread,2239.38,2135.95,3941.0,3941.0,1,0,0,1.22
PHerc0332,978,as-is,20261893,position,2111.14,2119.15,3941.0,3941.0,1,0,0,1.17
PHerc0332,978,no-division,20261893,position,1992.14,2070.15,3941.0,3941.0,1,0,0,1.23
PHerc0332,978,no-division,985,spread,1992.07,2043.5,3941.0,3941.0,1,0,0,1.28
PHerc0332,978,no-division,124434,spread,1981.12,2089.36,3941.0,3941.0,1,0,0,1.17
PHerc0332,1285,as-is,20262200,position,2126.52,2086.57,3941.0,3941.0,1,0,0,1.22
PHerc0332,1285,no-division,20262200,position,2115.52,2089.57,3941.0,3941.0,1,0,0,1.22
PHerc0332,1285,no-division,1292,spread,2124.0,2084.84,3941.0,3941.0,1,0,0,1.23
PHerc0332,1285,no-division,124741,spread,2120.53,2072.09,3941.0,3941.0,1,0,0,1.22
PHerc0332,1591,as-is,20262506,position,2123.77,2093.13,3941.0,3941.0,1,0,0,1.22
PHerc0332,1591,no-division,20262506,position,2122.77,2092.13,3941.0,3941.0,1,0,0,1.33
PHerc0332,1591,no-division,1598,spread,2127.26,2082.41,3941.0,3941.0,1,0,0,1.22
PHerc0332,1591,no-division,125047,spread,2120.37,2085.72,3941.0,3941.0,1,0,0,1.17
PHerc0332,1898,as-is,20262813,position,2098.71,2094.71,3941.0,3941.0,1,0,0,1.22
PHerc0332,1898,no-division,20262813,position,2101.71,2095.71,3941.0,3941.0,1,0,0,1.23
PHerc0332,1898,no-division,1905,spread,2093.65,2095.6,3941.0,3941.0,1,0,0,1.39
PHerc0332,1898,no-division,125354,spread,2090.94,2100.14,3941.0,3941.0,1,0,0,1.22
PHerc0332,2205,as-is,20263120,position,2092.45,2092.67,3941.0,3941.0,1,0,0,1.22
PHerc0332,2205,no-division,20263120,position,2093.45,2095.67,3941.0,3941.0,1,0,0,1.28
PHerc0332,2205,no-division,2212,spread,2091.71,2102.44,3941.0,3941.0,1,0,0,1.27
PHerc0332,2205,no-division,125661,spread,2086.97,2104.66,3941.0,3941.0,1,0,0,1.17
PHerc0332,2512,as-is,20263427,position,2094.34,2099.41,3941.0,3941.0,1,0,0,1.22
PHerc0332,2512,no-division,20263427,position,2094.34,2099.41,3941.0,3941.0,1,0,0,1.22
PHerc0332,2512,no-division,2519,spread,2070.79,2117.16,3941.0,3941.0,1,0,0,1.22
PHerc0332,2512,no-division,125968,spread,2069.76,2112.98,3941.0,3941.0,1,0,0,1.22
PHerc0332,2818,as-is,20263733,position,2079.72,2100.7,3941.0,3941.0,1,0,0,1.22
PHerc0332,2818,no-division,20263733,position,2085.72,2094.7,3941.0,3941.0,1,0,0,1.22
PHerc0332,2818,no-division,2825,spread,2081.04,2097.85,3941.0,3941.0,1,0,0,1.22
PHerc0332,2818,no-division,126274,spread,2072.07,2114.71,3941.0,3941.0,1,0,0,1.22
PHerc0332,3125,as-is,20264040,position,2056.29,2114.9,3941.0,3941.0,1,0,0,1.22
PHerc0332,3125,no-division,20264040,position,2056.29,2117.9,3941.0,3941.0,1,0,0,1.22
PHerc0332,3125,no-division,3132,spread,2063.13,2109.79,3941.0,3941.0,1,0,0,1.22
PHerc0332,3125,no-division,126581,spread,2053.14,2119.6,3941.0,3941.0,1,0,0,1.22
PHerc0332,3432,as-is,20264347,position,2028.28,2128.8,3941.0,3941.0,1,0,0,1.22
PHerc0332,3432,no-division,20264347,position,2020.28,2126.8,3941.0,3941.0,1,0,0,1.22
PHerc0332,3432,no-division,3439,spread,2015.18,2123.57,3941.0,3941.0,1,0,0,1.22
PHerc0332,3432,no-division,126888,spread,2009.01,2143.4,3941.0,3941.0,1,0,0,1.22
PHerc0332,3738,as-is,20264653,position,2024.69,2125.6,3941.0,3941.0,1,0,0,1.22
PHerc0332,3738,no-division,20264653,position,2029.69,2126.6,3941.0,3941.0,1,0,0,1.22
PHerc0332,3738,no-division,3745,spread,2025.54,2122.21,3941.0,3941.0,1,0,0,1.22
PHerc0332,3738,no-division,127194,spread,2020.66,2124.78,3941.0,3941.0,1,0,0,1.22
PHerc0332,4045,as-is,20264960,position,2026.51,2123.5,3941.0,3941.0,1,0,0,1.22
PHerc0332,4045,no-division,20264960,position,2032.51,2132.5,3941.0,3941.0,1,0,0,1.22
PHerc0332,4045,no-division,4052,spread,2032.44,2132.99,3941.0,3941.0,1,0,0,1.22
PHerc0332,4045,no-division,127501,spread,2028.14,2129.82,3941.0,3941.0,1,0,0,1.22
PHerc0332,4352,as-is,20265267,position,1927.43,2081.36,3941.0,3941.0,1,0,0,1.22
PHerc0332,4352,no-division,20265267,position,1924.43,2076.36,3941.0,3941.0,1,0,0,1.17
PHerc0332,4352,no-division,4359,spread,1907.64,2059.45,3941.0,3941.0,1,0,0,1.17
PHerc0332,4352,no-division,127808,spread,1945.25,2105.01,3941.0,3941.0,1,0,0,1.22
PHerc0332,4659,as-is,20265574,position,1899.99,2027.23,3941.0,3941.0,1,0,0,1.22
PHerc0332,4659,no-division,20265574,position,1895.99,2025.23,3941.0,3941.0,1,0,0,1.22
PHerc0332,4659,no-division,4666,spread,1898.92,2017.92,3941.0,3941.0,1,0,0,1.22
PHerc0332,4659,no-division,128115,spread,1889.15,2033.17,3941.0,3941.0,1,0,0,1.22
PHerc0332,4965,as-is,20265880,position,1917.9,2013.69,3941.0,3941.0,1,0,0,1.22
PHerc0332,4965,no-division,20265880,position,1916.9,2007.69,3941.0,3941.0,1,0,0,1.22
PHerc0332,4965,no-division,4972,spread,1913.57,2023.01,3941.0,3941.0,1,0,0,1.22
PHerc0332,4965,no-division,128421,spread,1937.79,1968.3,3941.0,3941.0,1,0,0,1.22
PHerc0332,5272,as-is,20266187,position,1953.35,2000.95,3941.0,3941.0,1,0,0,1.17
PHerc0332,5272,no-division,20266187,position,1962.35,1984.95,3941.0,3941.0,1,0,0,1.17
PHerc0332,5272,no-division,5279,spread,1968.17,1984.13,3941.0,3941.0,1,0,0,1.17
PHerc0332,5272,no-division,128728,spread,1966.27,1984.79,3941.0,3941.0,1,0,0,1.17
PHerc0332,5579,as-is,20266494,position,2000.59,2029.35,3941.0,3941.0,1,0,0,1.22
PHerc0332,5579,no-division,20266494,position,2007.59,2025.35,3941.0,3941.0,1,0,0,1.22
PHerc0332,5579,no-division,5586,spread,2004.79,2011.16,3941.0,3941.0,1,0,0,1.22
PHerc0332,5579,no-division,129035,spread,1986.48,2007.86,3941.0,3941.0,1,0,0,1.22
PHerc0332,5885,as-is,20266800,position,2042.42,2064.28,3941.0,3941.0,1,0,0,1.22
PHerc0332,5885,no-division,20266800,position,2054.42,2059.28,3941.0,3941.0,1,0,0,1.22
PHerc0332,5885,no-division,5892,spread,2055.86,2068.45,3941.0,3941.0,1,0,0,1.22
PHerc0332,5885,no-division,129341,spread,2042.95,2047.38,3941.0,3941.0,1,0,0,1.22
PHerc0332,6192,as-is,20267107,position,2071.02,2089.97,3941.0,3941.0,1,0,0,1.22
PHerc0332,6192,no-division,20267107,position,2078.02,2084.97,3941.0,3941.0,1,0,0,1.17
PHerc0332,6192,no-division,6199,spread,2075.29,2086.38,3941.0,3941.0,1,0,0,1.22
PHerc0332,6192,no-division,129648,spread,2088.08,2090.94,3941.0,3941.0,1,0,0,1.22
PHerc0332,6499,as-is,20267414,position,2085.17,2146.86,3941.0,3941.0,1,0,0,1.22
PHerc0332,6499,no-division,20267414,position,2093.17,2144.86,3941.0,3941.0,1,0,0,1.22
PHerc0332,6499,no-division,6506,spread,2107.06,2164.59,3941.0,3941.0,1,0,0,1.22
PHerc0332,6499,no-division,129955,spread,2107.85,2145.06,3941.0,3941.0,1,0,0,1.22
PHerc0332,6806,as-is,20267721,position,2139.71,2148.45,3941.0,3941.0,1,0,0,1.22
PHerc0332,6806,no-division,20267721,position,2149.71,2154.45,3941.0,3941.0,1,0,0,1.17
PHerc0332,6806,no-division,6813,spread,2139.18,2145.25,3941.0,3941.0,1,0,0,1.22
PHerc0332,6806,no-division,130262,spread,2148.36,2144.14,3941.0,3941.0,1,0,0,1.17
PHerc0332,7112,as-is,20268027,position,2177.54,2053.54,3941.0,3941.0,1,0,0,1.17
PHerc0332,7112,no-division,20268027,position,2169.54,2052.54,3941.0,3941.0,1,0,0,1.17
PHerc0332,7112,no-division,7119,spread,2192.89,2061.36,3941.0,3941.0,1,0,0,1.22
PHerc0332,7112,no-division,130568,spread,2149.71,2046.02,3941.0,3941.0,1,0,0,1.17
PHerc0332,7419,as-is,20268334,position,2200.31,1985.0,3941.0,3941.0,1,0,0,1.22
PHerc0332,7419,no-division,20268334,position,2216.31,1997.0,3941.0,3941.0,1,0,0,1.22
PHerc0332,7419,no-division,7426,spread,2203.48,1998.96,3941.0,3941.0,1,0,0,1.22
PHerc0332,7419,no-division,130875,spread,2213.12,1994.56,3941.0,3941.0,1,0,0,1.22
PHerc0332,7726,as-is,20268641,position,2216.38,1896.46,3941.0,3941.0,1,0,0,1.22
PHerc0332,7726,no-division,20268641,position,2235.38,1856.46,3941.0,3941.0,1,0,0,1.22
PHerc0332,7726,no-division,7733,spread,2222.76,1876.22,3941.0,3941.0,1,0,0,1.22
PHerc0332,7726,no-division,131182,spread,2226.26,1872.42,3941.0,3941.0,1,0,0,1.22
PHerc0343,1439,as-is,20262354,position,4840.74,3630.43,8595.0,8595.0,1,0,0,1.22
PHerc0343,1439,no-division,20262354,position,5694.74,1780.43,8595.0,8595.0,1,0,0,1.22
PHerc0343,1439,no-division,1446,spread,5755.12,1869.31,8595.0,8595.0,1,0,0,1.22
PHerc0343,1439,no-division,124895,spread,5740.42,1888.53,8595.0,8595.0,1,0,0,1.22
PHerc0343,2097,as-is,20263012,position,5139.18,4319.5,8595.0,8595.0,1,0,0,1.22
PHerc0343,2097,no-division,20263012,position,5043.18,3675.5,8595.0,8595.0,1,0,0,1.22
PHerc0343,2097,no-division,2104,spread,5151.3,3712.1,8595.0,8595.0,1,0,0,1.22
PHerc0343,2097,no-division,125553,spread,5052.11,3662.39,8595.0,8595.0,1,0,0,1.22
PHerc0343,2754,as-is,20263669,position,5184.71,3652.44,8595.0,8595.0,1,0,0,1.22
PHerc0343,2754,no-division,20263669,position,5195.71,3611.44,8595.0,8595.0,1,0,0,1.22
PHerc0343,2754,no-division,2761,spread,5224.81,3617.38,8595.0,8595.0,1,0,0,1.22
PHerc0343,2754,no-division,126210,spread,5276.46,3635.3,8595.0,8595.0,1,0,0,1.22
PHerc0343,3411,as-is,20264326,position,3688.55,4427.27,8595.0,8595.0,1,0,0,1.22
PHerc0343,3411,no-division,20264326,position,5334.55,3554.27,8595.0,8595.0,1,0,0,1.22
PHerc0343,3411,no-division,3418,spread,5083.12,4293.31,8595.0,8595.0,1,0,0,1.22
PHerc0343,3411,no-division,126867,spread,5085.57,4254.31,8595.0,8595.0,1,0,0,1.22
PHerc0343,4069,as-is,20264984,position,5162.87,4445.64,8595.0,8595.0,1,0,0,1.22
PHerc0343,4069,no-division,20264984,position,5435.87,3892.64,8595.0,8595.0,1,0,0,1.22
PHerc0343,4069,no-division,4076,spread,5394.58,3888.46,8595.0,8595.0,1,0,0,1.22
PHerc0343,4069,no-division,127525,spread,5339.31,3915.04,8595.0,8595.0,1,0,0,1.22
PHerc0343,4726,as-is,20265641,position,5136.41,4816.01,8595.0,8595.0,1,0,0,1.22
PHerc0343,4726,no-division,20265641,position,5458.41,4937.01,8595.0,8595.0,1,0,0,1.22
PHerc0343,4726,no-division,4733,spread,5163.7,5212.39,8595.0,8595.0,1,0,0,1.22
PHerc0343,4726,no-division,128182,spread,5464.54,5107.86,8595.0,8595.0,1,0,0,1.22
PHerc0343,5383,as-is,20266298,position,4947.54,4984.6,8595.0,8595.0,1,0,0,1.22
PHerc0343,5383,no-division,20266298,position,5087.54,5621.6,8595.0,8595.0,1,0,0,1.22
PHerc0343,5383,no-division,5390,spread,5079.04,5603.92,8595.0,8595.0,1,0,0,1.22
PHerc0343,5383,no-division,128839,spread,5170.88,5610.36,8595.0,8595.0,1,0,0,1.22
PHerc0343,6041,as-is,20266956,position,4707.5,906.1,8595.0,8595.0,1,0,0,1.22
PHerc0343,6041,no-division,20266956,position,5172.5,5734.1,8595.0,8595.0,1,0,0,1.22
PHerc0343,6041,no-division,6048,spread,5056.58,5706.08,8595.0,8595.0,1,0,0,1.22
PHerc0343,6041,no-division,129497,spread,5063.14,5709.67,8595.0,8595.0,1,0,0,1.22
PHerc0343,6698,as-is,20267613,position,178983.53,-2001658.75,8595.0,8595.0,0,0,0,2.17
PHerc0343,6698,no-division,20267613,position,5196.52,5496.26,8595.0,8595.0,1,0,0,1.22
PHerc0343,6698,no-division,6705,spread,5241.89,5520.8,8595.0,8595.0,1,0,0,1.22
PHerc0343,6698,no-division,130154,spread,5291.94,5487.81,8595.0,8595.0,1,0,0,1.22
PHerc0343,7355,as-is,20268270,position,2109.72,26247.06,8595.0,8595.0,0,0,0,1.22
PHerc0343,7355,no-division,20268270,position,4580.72,5336.06,8595.0,8595.0,1,0,0,1.22
PHerc0343,7355,no-division,7362,spread,4558.76,5465.41,8595.0,8595.0,1,0,0,1.22
PHerc0343,7355,no-division,130811,spread,4489.43,5283.78,8595.0,8595.0,1,0,0,1.22
PHerc0343,8013,as-is,20268928,position,3486.81,13522.9,8595.0,8595.0,0,0,0,1.22
PHerc0343,8013,no-division,20268928,position,4646.81,5470.9,8595.0,8595.0,1,0,0,1.22
PHerc0343,8013,no-division,8020,spread,4776.03,5359.91,8595.0,8595.0,1,0,0,1.22
PHerc0343,8013,no-division,131469,spread,4691.47,5515.65,8595.0,8595.0,1,0,0,1.22
PHerc0343,8670,as-is,20269585,position,4954.48,5110.68,8595.0,8595.0,1,0,0,1.22
PHerc0343,8670,no-division,20269585,position,5034.48,5209.68,8595.0,8595.0,1,0,0,1.22
PHerc0343,8670,no-division,8677,spread,5032.98,5147.52,8595.0,8595.0,1,0,0,1.22
PHerc0343,8670,no-division,132126,spread,4941.42,5124.78,8595.0,8595.0,1,0,0,1.22
PHerc0343,9327,as-is,20270242,position,5186.29,4693.56,8595.0,8595.0,1,0,0,1.22
PHerc0343,9327,no-division,20270242,position,4887.29,4812.56,8595.0,8595.0,1,0,0,1.22
PHerc0343,9327,no-division,9334,spread,5189.44,4688.38,8595.0,8595.0,1,0,0,1.22
PHerc0343,9327,no-division,132783,spread,5155.17,4710.25,8595.0,8595.0,1,0,0,1.22
PHerc0343,9984,as-is,20270899,position,5316.87,4377.94,8595.0,8595.0,1,0,0,1.22
PHerc0343,9984,no-division,20270899,position,5352.87,4382.94,8595.0,8595.0,1,0,0,1.22
PHerc0343,9984,no-division,9991,spread,5368.82,4376.1,8595.0,8595.0,1,0,0,1.22
PHerc0343,9984,no-division,133440,spread,5358.13,4383.8,8595.0,8595.0,1,0,0,1.22
PHerc0343,10642,as-is,20271557,position,5115.84,4129.65,8595.0,8595.0,1,0,0,1.22
PHerc0343,10642,no-division,20271557,position,5146.84,4118.65,8595.0,8595.0,1,0,0,1.22
PHerc0343,10642,no-division,10649,spread,4944.68,4127.14,8595.0,8595.0,1,0,0,1.22
PHerc0343,10642,no-division,134098,spread,5078.75,4151.73,8595.0,8595.0,1,0,0,1.22
PHerc0343,11299,as-is,20272214,position,5091.3,3731.65,8595.0,8595.0,1,0,0,1.22
PHerc0343,11299,no-division,20272214,position,5091.3,3731.65,8595.0,8595.0,1,0,0,1.22
PHerc0343,11299,no-division,11306,spread,5030.58,3733.59,8595.0,8595.0,1,0,0,1.22
PHerc0343,11299,no-division,134755,spread,5018.33,3731.18,8595.0,8595.0,1,0,0,1.22
PHerc0343,11956,as-is,20272871,position,5096.04,3680.84,8595.0,8595.0,1,0,0,1.22
PHerc0343,11956,no-division,20272871,position,5124.04,3690.84,8595.0,8595.0,1,0,0,1.22
PHerc0343,11956,no-division,11963,spread,4845.18,3654.9,8595.0,8595.0,1,0,0,1.22
PHerc0343,11956,no-division,135412,spread,4935.71,3667.52,8595.0,8595.0,1,0,0,1.22
PHerc0343,12614,as-is,20273529,position,4873.92,3625.96,8595.0,8595.0,1,0,0,1.22
PHerc0343,12614,no-division,20273529,position,4862.92,3644.96,8595.0,8595.0,1,0,0,1.22
PHerc0343,12614,no-division,12621,spread,4728.83,3625.52,8595.0,8595.0,1,0,0,1.22
PHerc0343,12614,no-division,136070,spread,4777.58,3644.63,8595.0,8595.0,1,0,0,1.22
PHerc0343,13271,as-is,20274186,position,4794.49,3541.25,8595.0,8595.0,1,0,0,1.22
PHerc0343,13271,no-division,20274186,position,4793.49,3528.25,8595.0,8595.0,1,0,0,1.22
PHerc0343,13271,no-division,13278,spread,4667.53,3526.49,8595.0,8595.0,1,0,0,1.22
PHerc0343,13271,no-division,136727,spread,4816.26,3557.45,8595.0,8595.0,1,0,0,1.22
PHerc0343,13928,as-is,20274843,position,4570.78,3713.04,8595.0,8595.0,1,0,0,1.22
PHerc0343,13928,no-division,20274843,position,4727.78,3615.04,8595.0,8595.0,1,0,0,1.22
PHerc0343,13928,no-division,13935,spread,4696.43,3631.31,8595.0,8595.0,1,0,0,1.22
PHerc0343,13928,no-division,137384,spread,4647.74,3647.69,8595.0,8595.0,1,0,0,1.22
PHerc0343,14586,as-is,20275501,position,4230.86,3956.71,8595.0,8595.0,1,0,0,1.22
PHerc0343,14586,no-division,20275501,position,4165.86,3963.71,8595.0,8595.0,1,0,0,1.22
PHerc0343,14586,no-division,14593,spread,4263.0,3964.13,8595.0,8595.0,1,0,0,1.22
PHerc0343,14586,no-division,138042,spread,4168.26,3974.4,8595.0,8595.0,1,0,0,1.22
PHerc0343,15243,as-is,20276158,position,3684.26,4792.57,8595.0,8595.0,1,0,0,1.22
PHerc0343,15243,no-division,20276158,position,3719.26,4327.57,8595.0,8595.0,1,0,0,1.22
PHerc0343,15243,no-division,15250,spread,3744.79,4344.91,8595.0,8595.0,1,0,0,1.22
PHerc0343,15243,no-division,138699,spread,3724.76,4311.01,8595.0,8595.0,1,0,0,1.22
PHerc0343,15900,as-is,20276815,position,3828.61,4671.95,8595.0,8595.0,1,0,0,1.22
PHerc0343,15900,no-division,20276815,position,3472.61,4602.95,8595.0,8595.0,1,0,0,1.22
PHerc0343,15900,no-division,15907,spread,3467.27,4607.07,8595.0,8595.0,1,0,0,1.22
PHerc0343,15900,no-division,139356,spread,3481.28,4630.21,8595.0,8595.0,1,0,0,1.22
PHerc0343,16558,as-is,20277473,position,7352.64,1952.46,8595.0,8595.0,1,0,0,1.22
PHerc0343,16558,no-division,20277473,position,3297.64,5257.46,8595.0,8595.0,1,0,0,1.22
PHerc0343,16558,no-division,16565,spread,2450.95,4761.55,8595.0,8595.0,1,0,0,1.17
PHerc0343,16558,no-division,140014,spread,2443.55,4762.96,8595.0,8595.0,1,0,0,1.22
PHerc0358,1179,as-is,20262094,position,3049.47,3394.68,7783.0,7783.0,1,0,0,1.22
PHerc0358,1179,no-division,20262094,position,3705.47,3093.68,7783.0,7783.0,1,0,0,1.17
PHerc0358,1179,no-division,1186,spread,4362.35,2584.77,7783.0,7783.0,1,0,0,1.22
PHerc0358,1179,no-division,124635,spread,4370.03,2592.08,7783.0,7783.0,1,0,0,1.22
PHerc0358,1717,as-is,20262632,position,3711.17,3576.47,7783.0,7783.0,1,0,0,1.22
PHerc0358,1717,no-division,20262632,position,3733.17,3801.47,7783.0,7783.0,1,0,0,1.22
PHerc0358,1717,no-division,1724,spread,3753.42,3772.66,7783.0,7783.0,1,0,0,1.22
PHerc0358,1717,no-division,125173,spread,3703.64,3797.55,7783.0,7783.0,1,0,0,1.22
PHerc0358,2256,as-is,20263171,position,4559.13,3436.93,7783.0,7783.0,1,0,0,1.22
PHerc0358,2256,no-division,20263171,position,3662.13,4014.93,7783.0,7783.0,1,0,0,1.22
PHerc0358,2256,no-division,2263,spread,3621.74,4001.6,7783.0,7783.0,1,0,0,1.22
PHerc0358,2256,no-division,125712,spread,3618.53,4010.26,7783.0,7783.0,1,0,0,1.22
PHerc0358,2794,as-is,20263709,position,3493.24,4156.59,7783.0,7783.0,1,0,0,1.22
PHerc0358,2794,no-division,20263709,position,3639.24,4397.59,7783.0,7783.0,1,0,0,1.22
PHerc0358,2794,no-division,2801,spread,3554.68,4321.28,7783.0,7783.0,1,0,0,1.22
PHerc0358,2794,no-division,126250,spread,3814.25,4480.49,7783.0,7783.0,1,0,0,1.22
PHerc0358,3333,as-is,20264248,position,5633.49,2478.3,7783.0,7783.0,1,0,0,1.22
PHerc0358,3333,no-division,20264248,position,3482.49,4317.3,7783.0,7783.0,1,0,0,1.22
PHerc0358,3333,no-division,3340,spread,3479.21,4314.54,7783.0,7783.0,1,0,0,1.22
PHerc0358,3333,no-division,126789,spread,3912.74,3788.26,7783.0,7783.0,1,0,0,1.22
PHerc0358,3871,as-is,20264786,position,12808.93,-3262.34,7783.0,7783.0,0,0,0,1.22
PHerc0358,3871,no-division,20264786,position,3490.93,4108.66,7783.0,7783.0,1,0,0,1.22
PHerc0358,3871,no-division,3878,spread,3523.15,4157.94,7783.0,7783.0,1,0,0,1.22
PHerc0358,3871,no-division,127327,spread,3525.88,4262.13,7783.0,7783.0,1,0,0,1.22
PHerc0358,4410,as-is,20265325,position,12649.51,-3177.58,7783.0,7783.0,0,0,0,1.22
PHerc0358,4410,no-division,20265325,position,3627.51,3997.42,7783.0,7783.0,1,0,0,1.22
PHerc0358,4410,no-division,4417,spread,3629.44,4095.88,7783.0,7783.0,1,0,0,1.22
PHerc0358,4410,no-division,127866,spread,3674.93,4118.4,7783.0,7783.0,1,0,0,1.22
PHerc0358,4948,as-is,20265863,position,13295.31,-3127.83,7783.0,7783.0,0,0,0,1.22
PHerc0358,4948,no-division,20265863,position,3865.31,3809.17,7783.0,7783.0,1,0,0,1.22
PHerc0358,4948,no-division,4955,spread,3916.75,3922.93,7783.0,7783.0,1,0,0,1.22
PHerc0358,4948,no-division,128404,spread,3828.21,3803.47,7783.0,7783.0,1,0,0,1.22
PHerc0358,5487,as-is,20266402,position,-1213197.88,1094233.62,7783.0,7783.0,0,0,0,1.72
PHerc0358,5487,no-division,20266402,position,4537.16,4572.58,7783.0,7783.0,1,0,0,1.22
PHerc0358,5487,no-division,5494,spread,4506.65,4512.25,7783.0,7783.0,1,0,0,1.22
PHerc0358,5487,no-division,128943,spread,4528.79,4623.67,7783.0,7783.0,1,0,0,1.22
PHerc0358,6025,as-is,20266940,position,-8327.2,14815.9,7783.0,7783.0,0,0,0,1.22
PHerc0358,6025,no-division,20266940,position,4288.8,3814.9,7783.0,7783.0,1,0,0,1.22
PHerc0358,6025,no-division,6032,spread,4060.61,3230.15,7783.0,7783.0,1,0,0,1.22
PHerc0358,6025,no-division,129481,spread,4321.45,3863.7,7783.0,7783.0,1,0,0,1.22
PHerc0358,6564,as-is,20267479,position,-8484.17,16884.95,7783.0,7783.0,0,0,0,1.22
PHerc0358,6564,no-division,20267479,position,4509.83,3878.95,7783.0,7783.0,1,0,0,1.22
PHerc0358,6564,no-division,6571,spread,4609.48,4077.4,7783.0,7783.0,1,0,0,1.22
PHerc0358,6564,no-division,130020,spread,4621.1,4126.1,7783.0,7783.0,1,0,0,1.17
PHerc0358,7102,as-is,20268017,position,22756.67,-15890.25,7783.0,7783.0,0,0,0,1.22
PHerc0358,7102,no-division,20268017,position,4631.67,4170.75,7783.0,7783.0,1,0,0,1.22
PHerc0358,7102,no-division,7109,spread,4624.07,4171.84,7783.0,7783.0,1,0,0,1.22
PHerc0358,7102,no-division,130558,spread,4617.88,4024.1,7783.0,7783.0,1,0,0,1.22
PHerc0358,7641,as-is,20268556,position,10950.51,-2084.95,7783.0,7783.0,0,0,0,1.22
PHerc0358,7641,no-division,20268556,position,4368.51,3740.05,7783.0,7783.0,1,0,0,1.22
PHerc0358,7641,no-division,7648,spread,3892.15,3757.1,7783.0,7783.0,1,0,0,1.22
PHerc0358,7641,no-division,131097,spread,4046.72,3531.28,7783.0,7783.0,1,0,0,1.22
PHerc0358,8179,as-is,20269094,position,-1638341.25,1374424.0,7783.0,7783.0,0,0,0,2.07
PHerc0358,8179,no-division,20269094,position,4405.68,3552.08,7783.0,7783.0,1,0,0,1.22
PHerc0358,8179,no-division,8186,spread,4475.59,3552.95,7783.0,7783.0,1,0,0,1.22
PHerc0358,8179,no-division,131635,spread,4510.83,3592.07,7783.0,7783.0,1,0,0,1.22
PHerc0358,8718,as-is,20269633,position,3289.03,3887.45,7783.0,7783.0,1,0,0,1.22
PHerc0358,8718,no-division,20269633,position,4628.04,4069.45,7783.0,7783.0,1,0,0,1.22
PHerc0358,8718,no-division,8725,spread,4613.29,4046.9,7783.0,7783.0,1,0,0,1.22
PHerc0358,8718,no-division,132174,spread,4625.76,4055.29,7783.0,7783.0,1,0,0,1.22
PHerc0358,9256,as-is,20270171,position,4163.96,4139.86,7783.0,7783.0,1,0,0,1.22
PHerc0358,9256,no-division,20270171,position,4151.96,4197.86,7783.0,7783.0,1,0,0,1.17
PHerc0358,9256,no-division,9263,spread,4067.58,4289.05,7783.0,7783.0,1,0,0,1.22
PHerc0358,9256,no-division,132712,spread,4075.81,4306.33,7783.0,7783.0,1,0,0,1.22
PHerc0358,9795,as-is,20270710,position,3530.61,4520.43,7783.0,7783.0,1,0,0,1.22
PHerc0358,9795,no-division,20270710,position,3608.61,4396.43,7783.0,7783.0,1,0,0,1.22
PHerc0358,9795,no-division,9802,spread,3562.99,4399.72,7783.0,7783.0,1,0,0,1.22
PHerc0358,9795,no-division,133251,spread,3233.96,3881.25,7783.0,7783.0,1,0,0,1.22
PHerc0358,10333,as-is,20271248,position,2836.78,3965.9,7783.0,7783.0,1,0,0,1.22
PHerc0358,10333,no-division,20271248,position,2975.78,4304.9,7783.0,7783.0,1,0,0,1.22
PHerc0358,10333,no-division,10340,spread,3058.91,4557.53,7783.0,7783.0,1,0,0,1.22
PHerc0358,10333,no-division,133789,spread,3012.59,4388.15,7783.0,7783.0,1,0,0,1.22
PHerc0358,10872,as-is,20271787,position,2389.81,4429.7,7783.0,7783.0,1,0,0,1.27
PHerc0358,10872,no-division,20271787,position,2404.81,4458.7,7783.0,7783.0,1,0,0,1.22
PHerc0358,10872,no-division,10879,spread,2479.44,4350.25,7783.0,7783.0,1,0,0,1.22
PHerc0358,10872,no-division,134328,spread,2388.31,4468.03,7783.0,7783.0,1,0,0,1.22
PHerc0358,11410,as-is,20272325,position,2076.67,4384.59,7783.0,7783.0,1,0,0,1.22
PHerc0358,11410,no-division,20272325,position,2047.67,4298.59,7783.0,7783.0,1,0,0,1.22
PHerc0358,11410,no-division,11417,spread,2049.74,4309.28,7783.0,7783.0,1,0,0,1.22
PHerc0358,11410,no-division,134866,spread,2065.49,4309.02,7783.0,7783.0,1,0,0,1.22
PHerc0358,11949,as-is,20272864,position,2453.23,4270.22,7783.0,7783.0,1,0,0,1.22
PHerc0358,11949,no-division,20272864,position,2046.23,4028.22,7783.0,7783.0,1,0,0,1.22
PHerc0358,11949,no-division,11956,spread,2029.07,4005.83,7783.0,7783.0,1,0,0,1.22
PHerc0358,11949,no-division,135405,spread,2195.95,4153.66,7783.0,7783.0,1,0,0,1.22
PHerc0358,12487,as-is,20273402,position,1227.97,6250.56,7783.0,7783.0,1,0,0,1.22
PHerc0358,12487,no-division,20273402,position,2073.97,4511.56,7783.0,7783.0,1,0,0,1.22
PHerc0358,12487,no-division,12494,spread,2087.91,4492.62,7783.0,7783.0,1,0,0,1.22
PHerc0358,12487,no-division,135943,spread,2088.49,4485.38,7783.0,7783.0,1,0,0,1.22
PHerc0358,13026,as-is,20273941,position,7900.8,3041.14,7783.0,7783.0,0,0,0,1.22
PHerc0358,13026,no-division,20273941,position,2257.8,4608.14,7783.0,7783.0,1,0,0,1.22
PHerc0358,13026,no-division,13033,spread,2264.67,4911.08,7783.0,7783.0,1,0,0,1.22
PHerc0358,13026,no-division,136482,spread,2378.42,5036.43,7783.0,7783.0,1,0,0,1.22
PHerc0358,13564,as-is,20274479,position,7343.48,2433.22,7783.0,7783.0,1,0,0,1.22
PHerc0358,13564,no-division,20274479,position,2402.48,4825.22,7783.0,7783.0,1,0,0,1.22
PHerc0358,13564,no-division,13571,spread,2863.26,5566.22,7783.0,7783.0,1,0,0,1.22
PHerc0358,13564,no-division,137020,spread,2706.35,5394.2,7783.0,7783.0,1,0,0,1.22
PHerc0483A,1271,as-is,20262186,position,3203.93,7507.48,8849.0,8849.0,1,0,0,1.22
PHerc0483A,1271,no-division,20262186,position,3135.93,4708.48,8849.0,8849.0,1,0,0,1.22
PHerc0483A,1271,no-division,1278,spread,3158.51,4974.33,8849.0,8849.0,1,0,0,1.22
PHerc0483A,1271,no-division,124727,spread,3295.39,4815.95,8849.0,8849.0,1,0,0,1.22
PHerc0483A,1852,as-is,20262767,position,5511.06,66840.16,8849.0,8849.0,0,0,0,1.22
PHerc0483A,1852,no-division,20262767,position,3151.06,4924.15,8849.0,8849.0,1,0,0,1.22
PHerc0483A,1852,no-division,1859,spread,3262.78,4959.86,8849.0,8849.0,1,0,0,1.22
PHerc0483A,1852,no-division,125308,spread,3205.91,4942.26,8849.0,8849.0,1,0,0,1.22
PHerc0483A,2433,as-is,20263348,position,9753.09,-236664.7,8849.0,8849.0,0,0,0,1.47
PHerc0483A,2433,no-division,20263348,position,3166.09,4848.3,8849.0,8849.0,1,0,0,1.22
PHerc0483A,2433,no-division,2440,spread,3160.45,4853.28,8849.0,8849.0,1,0,0,1.22
PHerc0483A,2433,no-division,125889,spread,3097.33,4846.43,8849.0,8849.0,1,0,0,1.22
PHerc0483A,3013,as-is,20263928,position,3087.41,8485.74,8849.0,8849.0,1,0,0,1.22
PHerc0483A,3013,no-division,20263928,position,3208.41,4686.74,8849.0,8849.0,1,0,0,1.22
PHerc0483A,3013,no-division,3020,spread,3230.6,4672.26,8849.0,8849.0,1,0,0,1.22
PHerc0483A,3013,no-division,126469,spread,3167.86,4693.04,8849.0,8849.0,1,0,0,1.22
PHerc0483A,3594,as-is,20264509,position,3273.59,15758.67,8849.0,8849.0,0,0,0,1.22
PHerc0483A,3594,no-division,20264509,position,3238.59,4584.67,8849.0,8849.0,1,0,0,1.22
PHerc0483A,3594,no-division,3601,spread,3246.26,4574.95,8849.0,8849.0,1,0,0,1.22
PHerc0483A,3594,no-division,127050,spread,3230.73,4593.08,8849.0,8849.0,1,0,0,1.22
PHerc0483A,4174,as-is,20265089,position,4588.98,-9274.61,8849.0,8849.0,0,0,0,1.22
PHerc0483A,4174,no-division,20265089,position,3137.98,4535.39,8849.0,8849.0,1,0,0,1.22
PHerc0483A,4174,no-division,4181,spread,3120.09,4510.47,8849.0,8849.0,1,0,0,1.22
PHerc0483A,4174,no-division,127630,spread,3149.89,4542.34,8849.0,8849.0,1,0,0,1.22
PHerc0483A,4755,as-is,20265670,position,4360.55,-3093.53,8849.0,8849.0,0,0,0,1.22
PHerc0483A,4755,no-division,20265670,position,3477.55,4262.47,8849.0,8849.0,1,0,0,1.22
PHerc0483A,4755,no-division,4762,spread,3354.05,4249.36,8849.0,8849.0,1,0,0,1.22
PHerc0483A,4755,no-division,128211,spread,3396.55,4247.45,8849.0,8849.0,1,0,0,1.22
PHerc0483A,5336,as-is,20266251,position,4068.54,-2192.19,8849.0,8849.0,0,0,0,1.22
PHerc0483A,5336,no-division,20266251,position,3614.54,4340.81,8849.0,8849.0,1,0,0,1.22
PHerc0483A,5336,no-division,5343,spread,3516.52,4370.95,8849.0,8849.0,1,0,0,1.22
PHerc0483A,5336,no-division,128792,spread,3583.43,4317.87,8849.0,8849.0,1,0,0,1.22
PHerc0483A,5916,as-is,20266831,position,4483.79,-3381.52,8849.0,8849.0,0,0,0,1.22
PHerc0483A,5916,no-division,20266831,position,4834.79,4305.48,8849.0,8849.0,1,0,0,1.22
PHerc0483A,5916,no-division,5923,spread,3841.03,4585.3,8849.0,8849.0,1,0,0,1.22
PHerc0483A,5916,no-division,129372,spread,3790.58,4635.87,8849.0,8849.0,1,0,0,1.22
PHerc0483A,6497,as-is,20267412,position,4179.88,114.61,8849.0,8849.0,1,0,0,1.22
PHerc0483A,6497,no-division,20267412,position,3982.88,4670.61,8849.0,8849.0,1,0,0,1.22
PHerc0483A,6497,no-division,6504,spread,3981.57,4658.07,8849.0,8849.0,1,0,0,1.22
PHerc0483A,6497,no-division,129953,spread,3925.69,4697.38,8849.0,8849.0,1,0,0,1.22
PHerc0483A,7078,as-is,20267993,position,4054.89,-1157.99,8849.0,8849.0,0,0,0,1.22
PHerc0483A,7078,no-division,20267993,position,4164.89,4551.01,8849.0,8849.0,1,0,0,1.22
PHerc0483A,7078,no-division,7085,spread,4159.71,4495.63,8849.0,8849.0,1,0,0,1.22
PHerc0483A,7078,no-division,130534,spread,4074.55,4527.98,8849.0,8849.0,1,0,0,1.17
PHerc0483A,7658,as-is,20268573,position,3370.17,-14581.14,8849.0,8849.0,0,0,0,1.22
PHerc0483A,7658,no-division,20268573,position,4387.17,4318.86,8849.0,8849.0,1,0,0,1.22
PHerc0483A,7658,no-division,7665,spread,4302.09,4353.23,8849.0,8849.0,1,0,0,1.22
PHerc0483A,7658,no-division,131114,spread,4270.94,4368.54,8849.0,8849.0,1,0,0,1.22
PHerc0483A,8239,as-is,20269154,position,3627.48,39009.82,8849.0,8849.0,0,0,0,1.22
PHerc0483A,8239,no-division,20269154,position,5315.48,4165.82,8849.0,8849.0,1,0,0,1.22
PHerc0483A,8239,no-division,8246,spread,5186.64,4156.38,8849.0,8849.0,1,0,0,1.22
PHerc0483A,8239,no-division,131695,spread,4855.66,4393.62,8849.0,8849.0,1,0,0,1.22
PHerc0483A,8819,as-is,20269734,position,4055.65,12273.44,8849.0,8849.0,0,0,0,1.22
PHerc0483A,8819,no-division,20269734,position,4460.65,4076.44,8849.0,8849.0,1,0,0,1.22
PHerc0483A,8819,no-division,8826,spread,4414.14,4337.37,8849.0,8849.0,1,0,0,1.22
PHerc0483A,8819,no-division,132275,spread,4433.19,4373.24,8849.0,8849.0,1,0,0,1.22
PHerc0483A,9400,as-is,20270315,position,3896.51,11226.87,8849.0,8849.0,0,0,0,1.22
PHerc0483A,9400,no-division,20270315,position,4687.51,4596.87,8849.0,8849.0,1,0,0,1.22
PHerc0483A,9400,no-division,9407,spread,4762.25,4045.71,8849.0,8849.0,1,0,0,1.22
PHerc0483A,9400,no-division,132856,spread,4605.93,4305.88,8849.0,8849.0,1,0,0,1.22
PHerc0483A,9981,as-is,20270896,position,3923.27,15127.93,8849.0,8849.0,0,0,0,1.22
PHerc0483A,9981,no-division,20270896,position,4938.27,4075.93,8849.0,8849.0,1,0,0,1.22
PHerc0483A,9981,no-division,9988,spread,4932.15,4072.65,8849.0,8849.0,1,0,0,1.22
PHerc0483A,9981,no-division,133437,spread,5025.82,4127.93,8849.0,8849.0,1,0,0,1.22
PHerc0483A,10561,as-is,20271476,position,4394.95,4322.08,8849.0,8849.0,1,0,0,1.22
PHerc0483A,10561,no-division,20271476,position,4873.95,4578.08,8849.0,8849.0,1,0,0,1.17
PHerc0483A,10561,no-division,10568,spread,4765.06,4864.51,8849.0,8849.0,1,0,0,1.22
PHerc0483A,10561,no-division,134017,spread,5016.49,4534.24,8849.0,8849.0,1,0,0,1.22
PHerc0483A,11142,as-is,20272057,position,5074.73,5237.35,8849.0,8849.0,1,0,0,1.22
PHerc0483A,11142,no-division,20272057,position,5145.73,5324.35,8849.0,8849.0,1,0,0,1.22
PHerc0483A,11142,no-division,11149,spread,5198.44,5372.82,8849.0,8849.0,1,0,0,1.22
PHerc0483A,11142,no-division,134598,spread,5126.62,5323.37,8849.0,8849.0,1,0,0,1.22
PHerc0483A,11723,as-is,20272638,position,3237.68,4255.32,8849.0,8849.0,1,0,0,1.22
PHerc0483A,11723,no-division,20272638,position,5043.67,5570.32,8849.0,8849.0,1,0,0,1.22
PHerc0483A,11723,no-division,11730,spread,5108.19,5543.14,8849.0,8849.0,1,0,0,1.22
PHerc0483A,11723,no-division,135179,spread,4911.52,5683.21,8849.0,8849.0,1,0,0,1.22
PHerc0483A,12303,as-is,20273218,position,3546.4,1222.75,8849.0,8849.0,1,0,0,1.22
PHerc0483A,12303,no-division,20273218,position,4262.4,5652.75,8849.0,8849.0,1,0,0,1.22
PHerc0483A,12303,no-division,12310,spread,4698.24,5323.82,8849.0,8849.0,1,0,0,1.22
PHerc0483A,12303,no-division,135759,spread,4142.89,5532.45,8849.0,8849.0,1,0,0,1.22
PHerc0483A,12884,as-is,20273799,position,3911.17,676.92,8849.0,8849.0,1,0,0,1.22
PHerc0483A,12884,no-division,20273799,position,3749.17,6062.92,8849.0,8849.0,1,0,0,1.22
PHerc0483A,12884,no-division,12891,spread,3790.79,6068.71,8849.0,8849.0,1,0,0,1.22
PHerc0483A,12884,no-division,136340,spread,3657.91,5848.98,8849.0,8849.0,1,0,0,1.17
PHerc0483A,13464,as-is,20274379,position,4462.03,1944.34,8849.0,8849.0,1,0,0,1.22
PHerc0483A,13464,no-division,20274379,position,4189.03,5353.34,8849.0,8849.0,1,0,0,1.17
PHerc0483A,13464,no-division,13471,spread,4241.09,5300.61,8849.0,8849.0,1,0,0,1.22
PHerc0483A,13464,no-division,136920,spread,3916.41,5261.43,8849.0,8849.0,1,0,0,1.22
PHerc0483A,14045,as-is,20274960,position,4241.94,2296.24,8849.0,8849.0,1,0,0,1.17
PHerc0483A,14045,no-division,20274960,position,5053.94,5832.24,8849.0,8849.0,1,0,0,1.22
PHerc0483A,14045,no-division,14052,spread,5157.73,5860.79,8849.0,8849.0,1,0,0,1.22
PHerc0483A,14045,no-division,137501,spread,5346.89,5870.97,8849.0,8849.0,1,0,0,1.22
PHerc0483A,14626,as-is,20275541,position,4783.71,4771.22,8849.0,8849.0,1,0,0,1.17
PHerc0483A,14626,no-division,20275541,position,3894.71,5343.22,8849.0,8849.0,1,0,0,1.17
PHerc0483A,14626,no-division,14633,spread,3894.79,5344.12,8849.0,8849.0,1,0,0,1.22
PHerc0483A,14626,no-division,138082,spread,3932.57,5408.14,8849.0,8849.0,1,0,0,1.22
PHerc0483B,950,as-is,20261865,position,8592.55,195978.7,8343.0,8343.0,0,0,0,1.32
PHerc0483B,950,no-division,20261865,position,1354.55,4086.7,8343.0,8343.0,1,0,0,1.22
PHerc0483B,950,no-division,957,spread,2731.41,3976.32,8343.0,8343.0,1,0,0,1.22
PHerc0483B,950,no-division,124406,spread,6936.79,4211.13,8343.0,8343.0,1,0,0,1.22
PHerc0483B,1384,as-is,20262299,position,3946.85,3498.48,8343.0,8343.0,1,0,0,1.22
PHerc0483B,1384,no-division,20262299,position,3121.85,3738.48,8343.0,8343.0,1,0,0,1.22
PHerc0483B,1384,no-division,1391,spread,3149.18,3784.81,8343.0,8343.0,1,0,0,1.17
PHerc0483B,1384,no-division,124840,spread,3147.26,3765.19,8343.0,8343.0,1,0,0,1.22
PHerc0483B,1818,as-is,20262733,position,4639.24,3937.42,8343.0,8343.0,1,0,0,1.22
PHerc0483B,1818,no-division,20262733,position,4018.24,3952.42,8343.0,8343.0,1,0,0,1.22
PHerc0483B,1818,no-division,1825,spread,4045.08,4021.88,8343.0,8343.0,1,0,0,1.22
PHerc0483B,1818,no-division,125274,spread,4033.02,3951.56,8343.0,8343.0,1,0,0,1.22
PHerc0483B,2252,as-is,20263167,position,4928.21,4092.99,8343.0,8343.0,1,0,0,1.17
PHerc0483B,2252,no-division,20263167,position,4137.21,4156.99,8343.0,8343.0,1,0,0,1.22
PHerc0483B,2252,no-division,2259,spread,4295.83,4178.02,8343.0,8343.0,1,0,0,1.22
PHerc0483B,2252,no-division,125708,spread,4085.85,4079.79,8343.0,8343.0,1,0,0,1.22
PHerc0483B,2685,as-is,20263600,position,4871.59,2667.26,8343.0,8343.0,1,0,0,1.22
PHerc0483B,2685,no-division,20263600,position,4345.59,4316.26,8343.0,8343.0,1,0,0,1.17
PHerc0483B,2685,no-division,2692,spread,4327.98,4296.41,8343.0,8343.0,1,0,0,1.22
PHerc0483B,2685,no-division,126141,spread,4357.28,4320.16,8343.0,8343.0,1,0,0,1.22
PHerc0483B,3119,as-is,20264034,position,5385.84,2664.19,8343.0,8343.0,1,0,0,1.22
PHerc0483B,3119,no-division,20264034,position,4301.84,4714.19,8343.0,8343.0,1,0,0,1.22
PHerc0483B,3119,no-division,3126,spread,4265.37,4709.04,8343.0,8343.0,1,0,0,1.22
PHerc0483B,3119,no-division,126575,spread,4246.49,4676.58,8343.0,8343.0,1,0,0,1.32
PHerc0483B,3553,as-is,20264468,position,5564.7,2497.65,8343.0,8343.0,1,0,0,1.22
PHerc0483B,3553,no-division,20264468,position,4116.7,4857.65,8343.0,8343.0,1,0,0,1.22
PHerc0483B,3553,no-division,3560,spread,3669.95,4618.67,8343.0,8343.0,1,0,0,1.22
PHerc0483B,3553,no-division,127009,spread,3944.71,4814.6,8343.0,8343.0,1,0,0,1.22
PHerc0483B,3987,as-is,20264902,position,6135.82,2113.66,8343.0,8343.0,1,0,0,1.22
PHerc0483B,3987,no-division,20264902,position,3896.82,4524.66,8343.0,8343.0,1,0,0,1.22
PHerc0483B,3987,no-division,3994,spread,3790.62,4984.18,8343.0,8343.0,1,0,0,1.22
PHerc0483B,3987,no-division,127443,spread,3683.18,4706.05,8343.0,8343.0,1,0,0,1.22
PHerc0483B,4421,as-is,20265336,position,6539.54,-7207.24,8343.0,8343.0,0,0,0,1.22
PHerc0483B,4421,no-division,20265336,position,3683.54,5178.76,8343.0,8343.0,1,0,0,1.22
PHerc0483B,4421,no-division,4428,spread,3691.06,5152.71,8343.0,8343.0,1,0,0,1.22
PHerc0483B,4421,no-division,127877,spread,3670.92,5341.13,8343.0,8343.0,1,0,0,1.22
PHerc0483B,4855,as-is,20265770,position,4597.82,3705.98,8343.0,8343.0,1,0,0,1.22
PHerc0483B,4855,no-division,20265770,position,3206.82,5274.98,8343.0,8343.0,1,0,0,1.22
PHerc0483B,4855,no-division,4862,spread,3423.38,5208.46,8343.0,8343.0,1,0,0,1.22
PHerc0483B,4855,no-division,128311,spread,3662.76,4812.54,8343.0,8343.0,1,0,0,1.22
PHerc0483B,5289,as-is,20266204,position,3915.06,4659.08,8343.0,8343.0,1,0,0,1.22
PHerc0483B,5289,no-division,20266204,position,4340.06,4209.08,8343.0,8343.0,1,0,0,1.22
PHerc0483B,5289,no-division,5296,spread,4474.77,4316.96,8343.0,8343.0,1,0,0,1.22
PHerc0483B,5289,no-division,128745,spread,4355.69,4271.75,8343.0,8343.0,1,0,0,1.22
PHerc0483B,5723,as-is,20266638,position,4074.07,4120.2,8343.0,8343.0,1,0,0,1.22
PHerc0483B,5723,no-division,20266638,position,4024.07,4145.2,8343.0,8343.0,1,0,0,1.22
PHerc0483B,5723,no-division,5730,spread,4274.9,3820.49,8343.0,8343.0,1,0,0,1.22
PHerc0483B,5723,no-division,129179,spread,3823.4,4429.79,8343.0,8343.0,1,0,0,1.22
PHerc0483B,6156,as-is,20267071,position,3421.38,4232.98,8343.0,8343.0,1,0,0,1.22
PHerc0483B,6156,no-division,20267071,position,4021.38,3357.98,8343.0,8343.0,1,0,0,1.22
PHerc0483B,6156,no-division,6163,spread,4076.72,3358.93,8343.0,8343.0,1,0,0,1.22
PHerc0483B,6156,no-division,129612,spread,4177.57,3451.58,8343.0,8343.0,1,0,0,1.22
PHerc0483B,6590,as-is,20267505,position,7137.37,15847.14,8343.0,8343.0,0,0,0,1.22
PHerc0483B,6590,no-division,20267505,position,4395.37,3282.14,8343.0,8343.0,1,0,0,1.22
PHerc0483B,6590,no-division,6597,spread,4361.84,3293.33,8343.0,8343.0,1,0,0,1.22
PHerc0483B,6590,no-division,130046,spread,4363.89,3298.55,8343.0,8343.0,1,0,0,1.22
PHerc0483B,7024,as-is,20267939,position,4137.0,3757.96,8343.0,8343.0,1,0,0,1.22
PHerc0483B,7024,no-division,20267939,position,4647.0,3196.96,8343.0,8343.0,1,0,0,1.22
PHerc0483B,7024,no-division,7031,spread,4035.05,3574.82,8343.0,8343.0,1,0,0,1.22
PHerc0483B,7024,no-division,130480,spread,4411.82,3426.89,8343.0,8343.0,1,0,0,1.22
PHerc0483B,7458,as-is,20268373,position,3864.24,4489.61,8343.0,8343.0,1,0,0,1.22
PHerc0483B,7458,no-division,20268373,position,5109.24,3416.61,8343.0,8343.0,1,0,0,1.22
PHerc0483B,7458,no-division,7465,spread,5183.42,3500.08,8343.0,8343.0,1,0,0,1.22
PHerc0483B,7458,no-division,130914,spread,5311.3,3596.86,8343.0,8343.0,1,0,0,1.22
PHerc0483B,7892,as-is,20268807,position,3659.31,4227.48,8343.0,8343.0,1,0,0,1.22
PHerc0483B,7892,no-division,20268807,position,5226.31,3445.48,8343.0,8343.0,1,0,0,1.22
PHerc0483B,7892,no-division,7899,spread,5320.36,3734.86,8343.0,8343.0,1,0,0,1.22
PHerc0483B,7892,no-division,131348,spread,5299.0,3767.84,8343.0,8343.0,1,0,0,1.22
PHerc0483B,8326,as-is,20269241,position,3940.97,3840.68,8343.0,8343.0,1,0,0,1.22
PHerc0483B,8326,no-division,20269241,position,5278.97,3478.68,8343.0,8343.0,1,0,0,1.22
PHerc0483B,8326,no-division,8333,spread,5268.39,3542.21,8343.0,8343.0,1,0,0,1.22
PHerc0483B,8326,no-division,131782,spread,5261.02,3543.32,8343.0,8343.0,1,0,0,1.22
PHerc0483B,8760,as-is,20269675,position,3838.88,4173.76,8343.0,8343.0,1,0,0,1.22
PHerc0483B,8760,no-division,20269675,position,4066.88,4753.76,8343.0,8343.0,1,0,0,1.22
PHerc0483B,8760,no-division,8767,spread,4586.54,4639.6,8343.0,8343.0,1,0,0,1.22
PHerc0483B,8760,no-division,132216,spread,5293.35,3733.08,8343.0,8343.0,1,0,0,1.22
PHerc0483B,9194,as-is,20270109,position,4063.36,3757.85,8343.0,8343.0,1,0,0,1.22
PHerc0483B,9194,no-division,20270109,position,4713.36,4120.85,8343.0,8343.0,1,0,0,1.22
PHerc0483B,9194,no-division,9201,spread,4679.46,4129.52,8343.0,8343.0,1,0,0,1.22
PHerc0483B,9194,no-division,132650,spread,4736.74,4152.33,8343.0,8343.0,1,0,0,1.22
PHerc0483B,9627,as-is,20270542,position,4886.69,3599.07,8343.0,8343.0,1,0,0,1.22
PHerc0483B,9627,no-division,20270542,position,5360.69,4079.07,8343.0,8343.0,1,0,0,1.22
PHerc0483B,9627,no-division,9634,spread,5415.57,4046.47,8343.0,8343.0,1,0,0,1.22
PHerc0483B,9627,no-division,133083,spread,5440.78,4018.67,8343.0,8343.0,1,0,0,1.22
PHerc0483B,10061,as-is,20270976,position,3432.63,2827.0,8343.0,8343.0,1,0,0,1.22
PHerc0483B,10061,no-division,20270976,position,5033.63,4635.0,8343.0,8343.0,1,0,0,1.22
PHerc0483B,10061,no-division,10068,spread,5021.82,4614.65,8343.0,8343.0,1,0,0,1.22
PHerc0483B,10061,no-division,133517,spread,4958.96,4611.11,8343.0,8343.0,1,0,0,1.22
PHerc0483B,10495,as-is,20271410,position,3474.16,2645.66,8343.0,8343.0,1,0,0,1.22
PHerc0483B,10495,no-division,20271410,position,4461.16,4890.66,8343.0,8343.0,1,0,0,1.22
PHerc0483B,10495,no-division,10502,spread,4745.67,4736.88,8343.0,8343.0,1,0,0,1.22
PHerc0483B,10495,no-division,133951,spread,4707.41,4746.26,8343.0,8343.0,1,0,0,1.22
PHerc0483B,10929,as-is,20271844,position,3735.25,3043.48,8343.0,8343.0,1,0,0,1.22
PHerc0483B,10929,no-division,20271844,position,3436.25,3645.48,8343.0,8343.0,1,0,0,1.22
PHerc0483B,10929,no-division,10936,spread,3402.72,3652.41,8343.0,8343.0,1,0,0,1.22
PHerc0483B,10929,no-division,134385,spread,3714.08,3549.53,8343.0,8343.0,1,0,0,1.22
PHerc0490A,935,as-is,20261850,position,5993.21,18239.92,9101.0,9101.0,0,0,0,1.22
PHerc0490A,935,no-division,20261850,position,4873.21,3898.92,9101.0,9101.0,1,0,0,1.22
PHerc0490A,935,no-division,942,spread,4870.78,3897.72,9101.0,9101.0,1,0,0,1.22
PHerc0490A,935,no-division,124391,spread,4875.32,3902.2,9101.0,9101.0,1,0,0,1.22
PHerc0490A,1363,as-is,20262278,position,3254.65,4690.71,9101.0,9101.0,1,0,0,1.22
PHerc0490A,1363,no-division,20262278,position,3190.65,4872.71,9101.0,9101.0,1,0,0,1.22
PHerc0490A,1363,no-division,1370,spread,3141.41,4924.12,9101.0,9101.0,1,0,0,1.22
PHerc0490A,1363,no-division,124819,spread,3205.64,4886.7,9101.0,9101.0,1,0,0,1.22
PHerc0490A,1790,as-is,20262705,position,2214.05,5737.14,9101.0,9101.0,1,0,0,1.22
PHerc0490A,1790,no-division,20262705,position,1361.05,5101.14,9101.0,9101.0,1,0,0,1.22
PHerc0490A,1790,no-division,1797,spread,1343.64,5110.85,9101.0,9101.0,1,0,0,1.22
PHerc0490A,1790,no-division,125246,spread,1597.28,5201.63,9101.0,9101.0,1,0,0,1.22
PHerc0490A,2217,as-is,20263132,position,7322.46,13950.16,9101.0,9101.0,0,0,0,1.22
PHerc0490A,2217,no-division,20263132,position,3883.46,3542.16,9101.0,9101.0,1,0,0,1.22
PHerc0490A,2217,no-division,2224,spread,4198.23,3548.85,9101.0,9101.0,1,0,0,1.17
PHerc0490A,2217,no-division,125673,spread,3927.21,3549.82,9101.0,9101.0,1,0,0,1.22
PHerc0490A,2644,as-is,20263559,position,5152.77,35437.94,9101.0,9101.0,0,0,0,1.22
PHerc0490A,2644,no-division,20263559,position,3658.77,3887.94,9101.0,9101.0,1,0,0,1.22
PHerc0490A,2644,no-division,2651,spread,3672.72,3902.82,9101.0,9101.0,1,0,0,1.22
PHerc0490A,2644,no-division,126100,spread,3636.45,3876.63,9101.0,9101.0,1,0,0,1.22
PHerc0490A,3071,as-is,20263986,position,5398.2,13377.3,9101.0,9101.0,0,0,0,1.22
PHerc0490A,3071,no-division,20263986,position,4932.2,4265.3,9101.0,9101.0,1,0,0,1.22
PHerc0490A,3071,no-division,3078,spread,4920.02,4250.97,9101.0,9101.0,1,0,0,1.22
PHerc0490A,3071,no-division,126527,spread,4835.65,4284.46,9101.0,9101.0,1,0,0,1.22
PHerc0490A,3499,as-is,20264414,position,5192.65,4679.33,9101.0,9101.0,1,0,0,1.22
PHerc0490A,3499,no-division,20264414,position,4009.65,4536.33,9101.0,9101.0,1,0,0,1.22
PHerc0490A,3499,no-division,3506,spread,4099.8,4304.36,9101.0,9101.0,1,0,0,1.22
PHerc0490A,3499,no-division,126955,spread,4461.56,4373.93,9101.0,9101.0,1,0,0,1.22
PHerc0490A,3926,as-is,20264841,position,4862.43,22473.29,9101.0,9101.0,0,0,0,1.22
PHerc0490A,3926,no-division,20264841,position,5872.43,4100.29,9101.0,9101.0,1,0,0,1.27
PHerc0490A,3926,no-division,3933,spread,5517.18,4095.16,9101.0,9101.0,1,0,0,1.22
PHerc0490A,3926,no-division,127382,spread,5806.84,4042.79,9101.0,9101.0,1,0,0,1.22
PHerc0490A,4353,as-is,20265268,position,4135.15,4509.75,9101.0,9101.0,1,0,0,1.22
PHerc0490A,4353,no-division,20265268,position,4047.15,3979.75,9101.0,9101.0,1,0,0,1.22
PHerc0490A,4353,no-division,4360,spread,4135.77,4013.48,9101.0,9101.0,1,0,0,1.22
PHerc0490A,4353,no-division,127809,spread,4080.38,3973.29,9101.0,9101.0,1,0,0,1.22
PHerc0490A,4780,as-is,20265695,position,4096.15,4203.15,9101.0,9101.0,1,0,0,1.22
PHerc0490A,4780,no-division,20265695,position,4109.15,4222.15,9101.0,9101.0,1,0,0,1.22
PHerc0490A,4780,no-division,4787,spread,3731.92,4471.72,9101.0,9101.0,1,0,0,1.22
PHerc0490A,4780,no-division,128236,spread,3721.58,4468.56,9101.0,9101.0,1,0,0,1.22
PHerc0490A,5208,as-is,20266123,position,3675.72,4126.27,9101.0,9101.0,1,0,0,1.22
PHerc0490A,5208,no-division,20266123,position,3208.72,4205.27,9101.0,9101.0,1,0,0,1.22
PHerc0490A,5208,no-division,5215,spread,3509.07,4366.84,9101.0,9101.0,1,0,0,1.22
PHerc0490A,5208,no-division,128664,spread,3228.3,4179.95,9101.0,9101.0,1,0,0,1.22
PHerc0490A,5635,as-is,20266550,position,3525.03,4059.06,9101.0,9101.0,1,0,0,1.22
PHerc0490A,5635,no-division,20266550,position,3522.03,4056.06,9101.0,9101.0,1,0,0,1.22
PHerc0490A,5635,no-division,5642,spread,3536.66,4176.68,9101.0,9101.0,1,0,0,1.22
PHerc0490A,5635,no-division,129091,spread,3706.98,4067.59,9101.0,9101.0,1,0,0,1.22
PHerc0490A,6062,as-is,20266977,position,4139.69,4031.69,9101.0,9101.0,1,0,0,1.22
PHerc0490A,6062,no-division,20266977,position,3716.69,3587.69,9101.0,9101.0,1,0,0,1.22
PHerc0490A,6062,no-division,6069,spread,2975.96,3929.44,9101.0,9101.0,1,0,0,1.22
PHerc0490A,6062,no-division,129518,spread,3464.57,3900.04,9101.0,9101.0,1,0,0,1.22
PHerc0490A,6489,as-is,20267404,position,3483.73,4148.76,9101.0,9101.0,1,0,0,1.22
PHerc0490A,6489,no-division,20267404,position,2927.73,3807.76,9101.0,9101.0,1,0,0,1.22
PHerc0490A,6489,no-division,6496,spread,3423.47,4122.58,9101.0,9101.0,1,0,0,1.22
PHerc0490A,6489,no-division,129945,spread,3482.32,4111.25,9101.0,9101.0,1,0,0,1.22
PHerc0490A,6917,as-is,20267832,position,3441.54,4283.01,9101.0,9101.0,1,0,0,1.22
PHerc0490A,6917,no-division,20267832,position,3140.54,4149.01,9101.0,9101.0,1,0,0,1.22
PHerc0490A,6917,no-division,6924,spread,3109.46,4085.72,9101.0,9101.0,1,0,0,1.22
PHerc0490A,6917,no-division,130373,spread,3061.56,4026.14,9101.0,9101.0,1,0,0,1.22
PHerc0490A,7344,as-is,20268259,position,4044.54,4524.87,9101.0,9101.0,1,0,0,1.22
PHerc0490A,7344,no-division,20268259,position,4050.54,4344.87,9101.0,9101.0,1,0,0,1.22
PHerc0490A,7344,no-division,7351,spread,4254.61,4111.02,9101.0,9101.0,1,0,0,1.22
PHerc0490A,7344,no-division,130800,spread,4012.24,4323.92,9101.0,9101.0,1,0,0,1.22
PHerc0490A,7771,as-is,20268686,position,4445.77,5597.88,9101.0,9101.0,1,0,0,1.22
PHerc0490A,7771,no-division,20268686,position,4418.77,5692.88,9101.0,9101.0,1,0,0,1.22
PHerc0490A,7771,no-division,7778,spread,3231.24,4623.13,9101.0,9101.0,1,0,0,1.22
PHerc0490A,7771,no-division,131227,spread,4470.39,5658.38,9101.0,9101.0,1,0,0,1.22
PHerc0490A,8198,as-is,20269113,position,4429.46,5902.48,9101.0,9101.0,1,0,0,1.22
PHerc0490A,8198,no-division,20269113,position,4414.46,5975.48,9101.0,9101.0,1,0,0,1.22
PHerc0490A,8198,no-division,8205,spread,4508.16,5960.38,9101.0,9101.0,1,0,0,1.22
PHerc0490A,8198,no-division,131654,spread,4409.2,6002.77,9101.0,9101.0,1,0,0,1.22
PHerc0490A,8626,as-is,20269541,position,4397.92,5927.23,9101.0,9101.0,1,0,0,1.22
PHerc0490A,8626,no-division,20269541,position,4425.92,6119.23,9101.0,9101.0,1,0,0,1.22
PHerc0490A,8626,no-division,8633,spread,4242.98,6181.51,9101.0,9101.0,1,0,0,1.22
PHerc0490A,8626,no-division,132082,spread,4238.24,6184.9,9101.0,9101.0,1,0,0,1.22
PHerc0490A,9053,as-is,20269968,position,4783.07,5407.94,9101.0,9101.0,1,0,0,1.22
PHerc0490A,9053,no-division,20269968,position,4204.07,6224.94,9101.0,9101.0,1,0,0,1.22
PHerc0490A,9053,no-division,9060,spread,4620.33,6160.95,9101.0,9101.0,1,0,0,1.27
PHerc0490A,9053,no-division,132509,spread,4424.53,6182.68,9101.0,9101.0,1,0,0,1.22
PHerc0490A,9480,as-is,20270395,position,3764.61,4710.95,9101.0,9101.0,1,0,0,1.22
PHerc0490A,9480,no-division,20270395,position,4146.61,6045.95,9101.0,9101.0,1,0,0,1.22
PHerc0490A,9480,no-division,9487,spread,4207.22,6048.82,9101.0,9101.0,1,0,0,1.22
PHerc0490A,9480,no-division,132936,spread,4469.08,6014.24,9101.0,9101.0,1,0,0,1.22
PHerc0490A,9907,as-is,20270822,position,4322.54,5756.3,9101.0,9101.0,1,0,0,1.22
PHerc0490A,9907,no-division,20270822,position,4109.54,5745.3,9101.0,9101.0,1,0,0,1.22
PHerc0490A,9907,no-division,9914,spread,4054.57,5745.51,9101.0,9101.0,1,0,0,1.22
PHerc0490A,9907,no-division,133363,spread,4119.72,5750.24,9101.0,9101.0,1,0,0,1.22
PHerc0490A,10334,as-is,20271249,position,4243.13,5474.83,9101.0,9101.0,1,0,0,1.17
PHerc0490A,10334,no-division,20271249,position,3289.14,5634.83,9101.0,9101.0,1,0,0,1.22
PHerc0490A,10334,no-division,10341,spread,3256.9,5583.56,9101.0,9101.0,1,0,0,1.22
PHerc0490A,10334,no-division,133790,spread,3216.77,5573.65,9101.0,9101.0,1,0,0,1.22
PHerc0490A,10762,as-is,20271677,position,7089.2,3352.98,9101.0,9101.0,1,0,0,1.22
PHerc0490A,10762,no-division,20271677,position,2539.2,4057.98,9101.0,9101.0,1,0,0,1.22
PHerc0490A,10762,no-division,10769,spread,2540.57,4119.59,9101.0,9101.0,1,0,0,1.22
PHerc0490A,10762,no-division,134218,spread,2540.05,4149.83,9101.0,9101.0,1,0,0,1.22
PHerc0490B,851,as-is,20261766,position,-91.89,27236.5,8343.0,8343.0,0,0,0,1.22
PHerc0490B,851,no-division,20261766,position,5150.11,4793.5,8343.0,8343.0,1,0,0,1.22
PHerc0490B,851,no-division,858,spread,5863.31,2320.02,8343.0,8343.0,1,0,0,1.27
PHerc0490B,851,no-division,124307,spread,5839.03,2466.18,8343.0,8343.0,1,0,0,1.22
PHerc0490B,1240,as-is,20262155,position,53232.58,310377.28,8343.0,8343.0,0,0,0,1.82
PHerc0490B,1240,no-division,20262155,position,4932.58,4073.27,8343.0,8343.0,1,0,0,1.22
PHerc0490B,1240,no-division,1247,spread,4821.97,4073.71,8343.0,8343.0,1,0,0,1.22
PHerc0490B,1240,no-division,124696,spread,4832.08,4061.26,8343.0,8343.0,1,0,0,1.22
PHerc0490B,1629,as-is,20262544,position,19859.5,83713.1,8343.0,8343.0,0,0,0,1.77
PHerc0490B,1629,no-division,20262544,position,5154.5,3880.1,8343.0,8343.0,1,0,0,1.22
PHerc0490B,1629,no-division,1636,spread,5154.73,3613.73,8343.0,8343.0,1,0,0,1.22
PHerc0490B,1629,no-division,125085,spread,5170.54,3602.83,8343.0,8343.0,1,0,0,1.22
PHerc0490B,2018,as-is,20262933,position,4185.74,-1370.72,8343.0,8343.0,0,0,0,1.22
PHerc0490B,2018,no-division,20262933,position,5043.74,3728.28,8343.0,8343.0,1,0,0,1.22
PHerc0490B,2018,no-division,2025,spread,5047.76,3730.73,8343.0,8343.0,1,0,0,1.17
PHerc0490B,2018,no-division,125474,spread,4092.32,3633.42,8343.0,8343.0,1,0,0,1.17
PHerc0490B,2407,as-is,20263322,position,3687.3,-12123.79,8343.0,8343.0,0,0,0,1.22
PHerc0490B,2407,no-division,20263322,position,4717.3,3756.21,8343.0,8343.0,1,0,0,1.22
PHerc0490B,2407,no-division,2414,spread,4771.86,3754.22,8343.0,8343.0,1,0,0,1.22
PHerc0490B,2407,no-division,125863,spread,4723.45,3637.46,8343.0,8343.0,1,0,0,1.17
PHerc0490B,2796,as-is,20263711,position,3449.26,-17234.48,8343.0,8343.0,0,0,0,1.22
PHerc0490B,2796,no-division,20263711,position,4251.26,4463.52,8343.0,8343.0,1,0,0,1.27
PHerc0490B,2796,no-division,2803,spread,4738.61,3721.31,8343.0,8343.0,1,0,0,1.22
PHerc0490B,2796,no-division,126252,spread,4440.12,4635.51,8343.0,8343.0,1,0,0,1.22
PHerc0490B,3185,as-is,20264100,position,4594.96,-17282.19,8343.0,8343.0,0,0,0,1.22
PHerc0490B,3185,no-division,20264100,position,4257.96,4219.81,8343.0,8343.0,1,0,0,1.42
PHerc0490B,3185,no-division,3192,spread,4369.25,4141.35,8343.0,8343.0,1,0,0,1.22
PHerc0490B,3185,no-division,126641,spread,4385.85,4251.19,8343.0,8343.0,1,0,0,1.17
PHerc0490B,3574,as-is,20264489,position,4578.79,-21797.5,8343.0,8343.0,0,0,0,1.23
PHerc0490B,3574,no-division,20264489,position,3928.79,3918.5,8343.0,8343.0,1,0,0,1.22
PHerc0490B,3574,no-division,3581,spread,4116.64,3788.31,8343.0,8343.0,1,0,0,1.22
PHerc0490B,3574,no-division,127030,spread,4341.03,4119.53,8343.0,8343.0,1,0,0,1.22
PHerc0490B,3962,as-is,20264877,position,4651.67,-33559.12,8343.0,8343.0,0,0,0,1.22
PHerc0490B,3962,no-division,20264877,position,3864.67,3511.88,8343.0,8343.0,1,0,0,1.22
PHerc0490B,3962,no-division,3969,spread,3305.84,4587.32,8343.0,8343.0,1,0,0,1.22
PHerc0490B,3962,no-division,127418,spread,3644.55,4043.32,8343.0,8343.0,1,0,0,1.22
PHerc0490B,4351,as-is,20265266,position,4623.51,-18284.85,8343.0,8343.0,0,0,0,1.43
PHerc0490B,4351,no-division,20265266,position,4896.51,4619.15,8343.0,8343.0,1,0,0,1.22
PHerc0490B,4351,no-division,4358,spread,4655.4,4641.22,8343.0,8343.0,1,0,0,1.22
PHerc0490B,4351,no-division,127807,spread,4928.41,4644.16,8343.0,8343.0,1,0,0,1.22
PHerc0490B,4740,as-is,20265655,position,128319.43,-3087121.0,8343.0,8343.0,0,0,0,2.43
PHerc0490B,4740,no-division,20265655,position,2735.43,4437.14,8343.0,8343.0,1,0,0,1.22
PHerc0490B,4740,no-division,4747,spread,3039.71,4497.5,8343.0,8343.0,1,0,0,1.22
PHerc0490B,4740,no-division,128196,spread,2974.73,4485.63,8343.0,8343.0,1,0,0,1.22
PHerc0490B,5129,as-is,20266044,position,-40557.85,-3461977.0,8343.0,8343.0,0,0,0,2.58
PHerc0490B,5129,no-division,20266044,position,4408.15,4086.15,8343.0,8343.0,1,0,0,1.22
PHerc0490B,5129,no-division,5136,spread,4404.58,4081.18,8343.0,8343.0,1,0,0,1.22
PHerc0490B,5129,no-division,128585,spread,4339.16,4086.13,8343.0,8343.0,1,0,0,1.22
PHerc0490B,5518,as-is,20266433,position,4376.98,30772.29,8343.0,8343.0,0,0,0,1.22
PHerc0490B,5518,no-division,20266433,position,4070.98,4048.29,8343.0,8343.0,1,0,0,1.22
PHerc0490B,5518,no-division,5525,spread,4193.16,3946.24,8343.0,8343.0,1,0,0,1.22
PHerc0490B,5518,no-division,128974,spread,4034.27,4018.58,8343.0,8343.0,1,0,0,1.22
PHerc0490B,5907,as-is,20266822,position,4647.86,18851.61,8343.0,8343.0,0,0,0,1.22
PHerc0490B,5907,no-division,20266822,position,3727.86,4435.61,8343.0,8343.0,1,0,0,1.22
PHerc0490B,5907,no-division,5914,spread,4797.45,4479.61,8343.0,8343.0,1,0,0,1.22
PHerc0490B,5907,no-division,129363,spread,4816.66,4458.95,8343.0,8343.0,1,0,0,1.22
PHerc0490B,6296,as-is,20267211,position,4490.06,14126.73,8343.0,8343.0,0,0,0,1.22
PHerc0490B,6296,no-division,20267211,position,4744.06,3930.73,8343.0,8343.0,1,0,0,1.22
PHerc0490B,6296,no-division,6303,spread,4679.89,3911.3,8343.0,8343.0,1,0,0,1.22
PHerc0490B,6296,no-division,129752,spread,4513.74,4127.45,8343.0,8343.0,1,0,0,1.22
PHerc0490B,6685,as-is,20267600,position,4616.25,11511.95,8343.0,8343.0,0,0,0,1.22
PHerc0490B,6685,no-division,20267600,position,3395.25,5256.95,8343.0,8343.0,1,0,0,1.22
PHerc0490B,6685,no-division,6692,spread,5123.9,4368.09,8343.0,8343.0,1,0,0,1.22
PHerc0490B,6685,no-division,130141,spread,5215.3,4364.65,8343.0,8343.0,1,0,0,1.22
PHerc0490B,7073,as-is,20267988,position,3839.88,12024.1,8343.0,8343.0,0,0,0,1.22
PHerc0490B,7073,no-division,20267988,position,4341.88,4389.1,8343.0,8343.0,1,0,0,1.22
PHerc0490B,7073,no-division,7080,spread,3995.49,5156.29,8343.0,8343.0,1,0,0,1.22
PHerc0490B,7073,no-division,130529,spread,3435.3,4965.37,8343.0,8343.0,1,0,0,1.22
PHerc0490B,7462,as-is,20268377,position,3804.16,12727.94,8343.0,8343.0,0,0,0,1.22
PHerc0490B,7462,no-division,20268377,position,4561.16,3809.94,8343.0,8343.0,1,0,0,1.22
PHerc0490B,7462,no-division,7469,spread,4134.72,4625.71,8343.0,8343.0,1,0,0,1.22
PHerc0490B,7462,no-division,130918,spread,4646.5,3843.56,8343.0,8343.0,1,0,0,1.22
PHerc0490B,7851,as-is,20268766,position,3535.73,9943.32,8343.0,8343.0,0,0,0,1.22
PHerc0490B,7851,no-division,20268766,position,4038.73,3200.32,8343.0,8343.0,1,0,0,1.22
PHerc0490B,7851,no-division,7858,spread,4092.27,3195.85,8343.0,8343.0,1,0,0,1.22
PHerc0490B,7851,no-division,131307,spread,4021.56,4485.34,8343.0,8343.0,1,0,0,1.22
PHerc0490B,8240,as-is,20269155,position,3415.13,10702.5,8343.0,8343.0,0,0,0,1.22
PHerc0490B,8240,no-division,20269155,position,4056.13,4300.5,8343.0,8343.0,1,0,0,1.22
PHerc0490B,8240,no-division,8247,spread,4149.49,4372.29,8343.0,8343.0,1,0,0,1.22
PHerc0490B,8240,no-division,131696,spread,4585.24,3798.71,8343.0,8343.0,1,0,0,1.22
PHerc0490B,8629,as-is,20269544,position,3336.83,9814.93,8343.0,8343.0,0,0,0,1.22
PHerc0490B,8629,no-division,20269544,position,3421.83,4768.93,8343.0,8343.0,1,0,0,1.22
PHerc0490B,8629,no-division,8636,spread,3333.57,5100.76,8343.0,8343.0,1,0,0,1.22
PHerc0490B,8629,no-division,132085,spread,3325.29,5151.39,8343.0,8343.0,1,0,0,1.22
PHerc0490B,9018,as-is,20269933,position,3669.17,8051.68,8343.0,8343.0,1,0,0,1.17
PHerc0490B,9018,no-division,20269933,position,5104.17,3679.68,8343.0,8343.0,1,0,0,1.22
PHerc0490B,9018,no-division,9025,spread,4259.04,5288.66,8343.0,8343.0,1,0,0,1.17
PHerc0490B,9018,no-division,132474,spread,5101.64,3681.86,8343.0,8343.0,1,0,0,1.22
PHerc0490B,9407,as-is,20270322,position,-23520.38,-75542.53,8343.0,8343.0,0,0,0,1.52
PHerc0490B,9407,no-division,20270322,position,3296.61,5474.47,8343.0,8343.0,1,0,0,1.22
PHerc0490B,9407,no-division,9414,spread,3297.35,5478.85,8343.0,8343.0,1,0,0,1.22
PHerc0490B,9407,no-division,132863,spread,3276.84,5465.5,8343.0,8343.0,1,0,0,1.22
PHerc0490B,9796,as-is,20270711,position,649.95,10619.72,8343.0,8343.0,0,0,0,1.22
PHerc0490B,9796,no-division,20270711,position,4005.95,4722.72,8343.0,8343.0,1,0,0,1.22
PHerc0490B,9796,no-division,9803,spread,4015.28,4729.21,8343.0,8343.0,1,0,0,1.22
PHerc0490B,9796,no-division,133252,spread,3851.75,4852.32,8343.0,8343.0,1,0,0,1.22
PHerc0800,1943,as-is,20262858,position,2176.68,7633.52,9867.0,9867.0,1,0,0,1.22
PHerc0800,1943,no-division,20262858,position,5344.68,3943.52,9867.0,9867.0,1,0,0,1.22
PHerc0800,1943,no-division,1950,spread,5481.61,4022.71,9867.0,9867.0,1,0,0,1.22
PHerc0800,1943,no-division,125399,spread,5493.8,4078.3,9867.0,9867.0,1,0,0,1.22
PHerc0800,2831,as-is,20263746,position,4473.41,5083.44,9867.0,9867.0,1,0,0,1.22
PHerc0800,2831,no-division,20263746,position,4503.41,4285.44,9867.0,9867.0,1,0,0,1.22
PHerc0800,2831,no-division,2838,spread,4595.52,4093.7,9867.0,9867.0,1,0,0,1.17
PHerc0800,2831,no-division,126287,spread,5083.23,4680.82,9867.0,9867.0,1,0,0,1.22
PHerc0800,3718,as-is,20264633,position,4678.75,4386.2,9867.0,9867.0,1,0,0,1.22
PHerc0800,3718,no-division,20264633,position,5474.75,4045.2,9867.0,9867.0,1,0,0,1.22
PHerc0800,3718,no-division,3725,spread,5578.0,4054.98,9867.0,9867.0,1,0,0,1.22
PHerc0800,3718,no-division,127174,spread,5326.95,4243.22,9867.0,9867.0,1,0,0,1.22
PHerc0800,4606,as-is,20265521,position,5853.6,3937.34,9867.0,9867.0,1,0,0,1.22
PHerc0800,4606,no-division,20265521,position,5860.6,3939.34,9867.0,9867.0,1,0,0,1.22
PHerc0800,4606,no-division,4613,spread,5874.57,4076.38,9867.0,9867.0,1,0,0,1.22
PHerc0800,4606,no-division,128062,spread,6016.07,4148.21,9867.0,9867.0,1,0,0,1.22
PHerc0800,5493,as-is,20266408,position,5509.34,3704.09,9867.0,9867.0,1,0,0,1.22
PHerc0800,5493,no-division,20266408,position,6332.34,3443.09,9867.0,9867.0,1,0,0,1.22
PHerc0800,5493,no-division,5500,spread,6161.64,3615.88,9867.0,9867.0,1,0,0,1.22
PHerc0800,5493,no-division,128949,spread,6460.93,3604.01,9867.0,9867.0,1,0,0,1.22
PHerc0800,6380,as-is,20267295,position,6269.77,4171.32,9867.0,9867.0,1,0,0,1.22
PHerc0800,6380,no-division,20267295,position,6273.77,4176.32,9867.0,9867.0,1,0,0,1.22
PHerc0800,6380,no-division,6387,spread,6396.38,4296.33,9867.0,9867.0,1,0,0,1.22
PHerc0800,6380,no-division,129836,spread,6208.97,4256.52,9867.0,9867.0,1,0,0,1.22
PHerc0800,7268,as-is,20268183,position,5923.41,4041.65,9867.0,9867.0,1,0,0,1.22
PHerc0800,7268,no-division,20268183,position,6114.41,4120.65,9867.0,9867.0,1,0,0,1.22
PHerc0800,7268,no-division,7275,spread,6046.11,4273.3,9867.0,9867.0,1,0,0,1.22
PHerc0800,7268,no-division,130724,spread,6151.5,4148.66,9867.0,9867.0,1,0,0,1.22
PHerc0800,8155,as-is,20269070,position,5581.08,4578.7,9867.0,9867.0,1,0,0,1.22
PHerc0800,8155,no-division,20269070,position,5613.08,4646.7,9867.0,9867.0,1,0,0,1.22
PHerc0800,8155,no-division,8162,spread,5319.82,4701.62,9867.0,9867.0,1,0,0,1.22
PHerc0800,8155,no-division,131611,spread,5565.5,4313.76,9867.0,9867.0,1,0,0,1.22
PHerc0800,9043,as-is,20269958,position,5335.06,5091.64,9867.0,9867.0,1,0,0,1.22
PHerc0800,9043,no-division,20269958,position,5000.06,4565.64,9867.0,9867.0,1,0,0,1.22
PHerc0800,9043,no-division,9050,spread,5251.42,4990.55,9867.0,9867.0,1,0,0,1.22
PHerc0800,9043,no-division,132499,spread,5203.38,4976.24,9867.0,9867.0,1,0,0,1.22
PHerc0800,9930,as-is,20270845,position,9657.09,2436.1,9867.0,9867.0,1,0,0,1.22
PHerc0800,9930,no-division,20270845,position,4629.09,5044.1,9867.0,9867.0,1,0,0,1.22
PHerc0800,9930,no-division,9937,spread,4650.44,5145.35,9867.0,9867.0,1,0,0,1.22
PHerc0800,9930,no-division,133386,spread,4694.07,5232.45,9867.0,9867.0,1,0,0,1.22
PHerc0800,10817,as-is,20271732,position,9211.15,2801.8,9867.0,9867.0,1,0,0,1.22
PHerc0800,10817,no-division,20271732,position,4318.15,5058.8,9867.0,9867.0,1,0,0,1.22
PHerc0800,10817,no-division,10824,spread,4322.08,5045.28,9867.0,9867.0,1,0,0,1.22
PHerc0800,10817,no-division,134273,spread,4268.5,4973.37,9867.0,9867.0,1,0,0,1.22
PHerc0800,11705,as-is,20272620,position,9525.63,2727.26,9867.0,9867.0,1,0,0,1.22
PHerc0800,11705,no-division,20272620,position,4078.63,5109.26,9867.0,9867.0,1,0,0,1.22
PHerc0800,11705,no-division,11712,spread,4255.79,5312.63,9867.0,9867.0,1,0,0,1.22
PHerc0800,11705,no-division,135161,spread,4095.45,5112.58,9867.0,9867.0,1,0,0,1.22
PHerc0800,12592,as-is,20273507,position,9735.75,2494.91,9867.0,9867.0,1,0,0,1.22
PHerc0800,12592,no-division,20273507,position,4021.75,5378.91,9867.0,9867.0,1,0,0,1.22
PHerc0800,12592,no-division,12599,spread,3879.21,5226.92,9867.0,9867.0,1,0,0,1.22
PHerc0800,12592,no-division,136048,spread,4013.21,5339.96,9867.0,9867.0,1,0,0,1.22
PHerc0800,13480,as-is,20274395,position,19773.86,-1707.68,9867.0,9867.0,0,0,0,1.22
PHerc0800,13480,no-division,20274395,position,3695.86,5066.32,9867.0,9867.0,1,0,0,1.22
PHerc0800,13480,no-division,13487,spread,3697.28,5081.14,9867.0,9867.0,1,0,0,1.22
PHerc0800,13480,no-division,136936,spread,3524.74,5124.26,9867.0,9867.0,1,0,0,1.22
PHerc0800,14367,as-is,20275282,position,90048.2,-39080.69,9867.0,9867.0,0,0,0,1.37
PHerc0800,14367,no-division,20275282,position,3445.21,5167.31,9867.0,9867.0,1,0,0,1.22
PHerc0800,14367,no-division,14374,spread,3697.33,5419.81,9867.0,9867.0,1,0,0,1.22
PHerc0800,14367,no-division,137823,spread,3487.14,5191.46,9867.0,9867.0,1,0,0,1.22
PHerc0800,15254,as-is,20276169,position,12816.13,-356.2,9867.0,9867.0,0,0,0,1.22
PHerc0800,15254,no-division,20276169,position,3657.13,5956.8,9867.0,9867.0,1,0,0,1.22
PHerc0800,15254,no-division,15261,spread,3648.28,5950.98,9867.0,9867.0,1,0,0,1.22
PHerc0800,15254,no-division,138710,spread,3175.13,5603.96,9867.0,9867.0,1,0,0,1.22
PHerc0800,16142,as-is,20277057,position,1258232.75,-580906.88,9867.0,9867.0,0,0,0,2.12
PHerc0800,16142,no-division,20277057,position,3303.72,5807.11,9867.0,9867.0,1,0,0,1.22
PHerc0800,16142,no-division,16149,spread,3225.25,5786.53,9867.0,9867.0,1,0,0,1.22
PHerc0800,16142,no-division,139598,spread,3317.03,5838.68,9867.0,9867.0,1,0,0,1.22
PHerc0800,17029,as-is,20277944,position,3687.09,5582.28,9867.0,9867.0,1,0,0,1.22
PHerc0800,17029,no-division,20277944,position,3677.09,5775.28,9867.0,9867.0,1,0,0,1.22
PHerc0800,17029,no-division,17036,spread,3818.4,6129.46,9867.0,9867.0,1,0,0,1.22
PHerc0800,17029,no-division,140485,spread,3883.46,5995.67,9867.0,9867.0,1,0,0,1.22
PHerc0800,17917,as-is,20278832,position,4904.35,5376.85,9867.0,9867.0,1,0,0,1.22
PHerc0800,17917,no-division,20278832,position,4483.35,5738.85,9867.0,9867.0,1,0,0,1.22
PHerc0800,17917,no-division,17924,spread,4431.93,5730.22,9867.0,9867.0,1,0,0,1.22
PHerc0800,17917,no-division,141373,spread,4485.77,5852.64,9867.0,9867.0,1,0,0,1.22
PHerc0800,18804,as-is,20279719,position,5243.83,5438.02,9867.0,9867.0,1,0,0,1.22
PHerc0800,18804,no-division,20279719,position,5707.83,5418.02,9867.0,9867.0,1,0,0,1.22
PHerc0800,18804,no-division,18811,spread,5698.24,5414.05,9867.0,9867.0,1,0,0,1.22
PHerc0800,18804,no-division,142260,spread,5684.21,5414.12,9867.0,9867.0,1,0,0,1.22
PHerc0800,19691,as-is,20280606,position,5700.91,5200.26,9867.0,9867.0,1,0,0,1.22
PHerc0800,19691,no-division,20280606,position,5700.91,5211.26,9867.0,9867.0,1,0,0,1.22
PHerc0800,19691,no-division,19698,spread,5781.59,5126.42,9867.0,9867.0,1,0,0,1.22
PHerc0800,19691,no-division,143147,spread,5697.29,5229.78,9867.0,9867.0,1,0,0,1.22
PHerc0800,20579,as-is,20281494,position,5608.27,5142.13,9867.0,9867.0,1,0,0,1.22
PHerc0800,20579,no-division,20281494,position,5605.27,5150.13,9867.0,9867.0,1,0,0,1.22
PHerc0800,20579,no-division,20586,spread,5589.83,5163.12,9867.0,9867.0,1,0,0,1.22
PHerc0800,20579,no-division,144035,spread,5663.48,5030.88,9867.0,9867.0,1,0,0,1.22
PHerc0800,21466,as-is,20282381,position,5674.5,4802.95,9867.0,9867.0,1,0,0,1.22
PHerc0800,21466,no-division,20282381,position,5473.5,5232.95,9867.0,9867.0,1,0,0,1.22
PHerc0800,21466,no-division,21473,spread,5817.31,5170.79,9867.0,9867.0,1,0,0,1.22
PHerc0800,21466,no-division,144922,spread,5461.16,5175.32,9867.0,9867.0,1,0,0,1.22
PHerc0800,22354,as-is,20283269,position,8093.55,2509.3,9867.0,9867.0,1,0,0,1.22
PHerc0800,22354,no-division,20283269,position,4441.55,6315.3,9867.0,9867.0,1,0,0,1.22
PHerc0800,22354,no-division,22361,spread,4437.8,6261.24,9867.0,9867.0,1,0,0,1.22
PHerc0800,22354,no-division,145810,spread,4437.7,6300.09,9867.0,9867.0,1,0,0,1.22
PHerc0813,1359,as-is,20262274,position,-722374.81,754549.38,7947.0,7947.0,0,0,0,1.52
PHerc0813,1359,no-division,20262274,position,6956.17,619.41,7947.0,7947.0,1,0,0,1.22
PHerc0813,1359,no-division,1366,spread,6793.17,467.94,7947.0,7947.0,1,0,0,1.22
PHerc0813,1359,no-division,124815,spread,6987.83,602.71,7947.0,7947.0,1,0,0,1.22
PHerc0813,1980,as-is,20262895,position,3401.25,2146.49,7947.0,7947.0,1,0,0,1.22
PHerc0813,1980,no-division,20262895,position,3974.25,2755.49,7947.0,7947.0,1,0,0,1.22
PHerc0813,1980,no-division,1987,spread,4015.14,4287.25,7947.0,7947.0,1,0,0,1.22
PHerc0813,1980,no-division,125436,spread,4038.82,2692.75,7947.0,7947.0,1,0,0,1.22
PHerc0813,2600,as-is,20263515,position,2574.52,3510.34,7947.0,7947.0,1,0,0,1.22
PHerc0813,2600,no-division,20263515,position,2519.52,3586.34,7947.0,7947.0,1,0,0,1.22
PHerc0813,2600,no-division,2607,spread,2537.08,3580.18,7947.0,7947.0,1,0,0,1.22
PHerc0813,2600,no-division,126056,spread,3041.75,3607.2,7947.0,7947.0,1,0,0,1.22
PHerc0813,3221,as-is,20264136,position,3384.79,3466.68,7947.0,7947.0,1,0,0,1.22
PHerc0813,3221,no-division,20264136,position,3398.79,3474.68,7947.0,7947.0,1,0,0,1.22
PHerc0813,3221,no-division,3228,spread,3323.6,3481.37,7947.0,7947.0,1,0,0,1.22
PHerc0813,3221,no-division,126677,spread,3408.01,3487.34,7947.0,7947.0,1,0,0,1.22
PHerc0813,3841,as-is,20264756,position,3319.66,3398.38,7947.0,7947.0,1,0,0,1.22
PHerc0813,3841,no-division,20264756,position,3326.66,3396.38,7947.0,7947.0,1,0,0,1.22
PHerc0813,3841,no-division,3848,spread,3327.55,3434.56,7947.0,7947.0,1,0,0,1.22
PHerc0813,3841,no-division,127297,spread,3356.32,3418.59,7947.0,7947.0,1,0,0,1.22
PHerc0813,4462,as-is,20265377,position,3302.37,3342.7,7947.0,7947.0,1,0,0,1.22
PHerc0813,4462,no-division,20265377,position,3343.37,3466.7,7947.0,7947.0,1,0,0,1.22
PHerc0813,4462,no-division,4469,spread,3374.19,3467.34,7947.0,7947.0,1,0,0,1.22
PHerc0813,4462,no-division,127918,spread,3273.49,3351.21,7947.0,7947.0,1,0,0,1.22
PHerc0813,5083,as-is,20265998,position,4109.1,4871.45,7947.0,7947.0,1,0,0,1.17
PHerc0813,5083,no-division,20265998,position,3997.1,4767.45,7947.0,7947.0,1,0,0,1.22
PHerc0813,5083,no-division,5090,spread,4017.41,4805.56,7947.0,7947.0,1,0,0,1.17
PHerc0813,5083,no-division,128539,spread,4100.91,4859.61,7947.0,7947.0,1,0,0,1.22
PHerc0813,5703,as-is,20266618,position,4059.1,4816.52,7947.0,7947.0,1,0,0,1.22
PHerc0813,5703,no-division,20266618,position,4040.1,4765.52,7947.0,7947.0,1,0,0,1.22
PHerc0813,5703,no-division,5710,spread,4112.44,4662.32,7947.0,7947.0,1,0,0,1.22
PHerc0813,5703,no-division,129159,spread,4027.83,4757.39,7947.0,7947.0,1,0,0,1.22
PHerc0813,6324,as-is,20267239,position,4185.4,4521.3,7947.0,7947.0,1,0,0,1.22
PHerc0813,6324,no-division,20267239,position,4862.4,4380.3,7947.0,7947.0,1,0,0,1.22
PHerc0813,6324,no-division,6331,spread,4824.82,4334.72,7947.0,7947.0,1,0,0,1.22
PHerc0813,6324,no-division,129780,spread,4919.56,4272.4,7947.0,7947.0,1,0,0,1.22
PHerc0813,6944,as-is,20267859,position,2577.44,-347.39,7947.0,7947.0,0,0,0,1.22
PHerc0813,6944,no-division,20267859,position,4689.44,5015.61,7947.0,7947.0,1,0,0,1.22
PHerc0813,6944,no-division,6951,spread,4628.79,4981.94,7947.0,7947.0,1,0,0,1.22
PHerc0813,6944,no-division,130400,spread,4612.71,4965.37,7947.0,7947.0,1,0,0,1.22
PHerc0813,7565,as-is,20268480,position,2865.9,-1149.81,7947.0,7947.0,0,0,0,1.22
PHerc0813,7565,no-division,20268480,position,5164.9,4714.19,7947.0,7947.0,1,0,0,1.22
PHerc0813,7565,no-division,7572,spread,4893.98,5352.14,7947.0,7947.0,1,0,0,1.22
PHerc0813,7565,no-division,131021,spread,5097.38,4510.46,7947.0,7947.0,1,0,0,1.22
PHerc0813,8186,as-is,20269101,position,5471.46,4497.19,7947.0,7947.0,1,0,0,1.22
PHerc0813,8186,no-division,20269101,position,5609.46,4572.19,7947.0,7947.0,1,0,0,1.22
PHerc0813,8186,no-division,8193,spread,5476.68,4600.82,7947.0,7947.0,1,0,0,1.22
PHerc0813,8186,no-division,131642,spread,5619.34,4490.59,7947.0,7947.0,1,0,0,1.22
PHerc0813,8806,as-is,20269721,position,4897.79,3632.96,7947.0,7947.0,1,0,0,1.22
PHerc0813,8806,no-division,20269721,position,4845.79,3778.96,7947.0,7947.0,1,0,0,1.22
PHerc0813,8806,no-division,8813,spread,4802.83,3790.95,7947.0,7947.0,1,0,0,1.22
PHerc0813,8806,no-division,132262,spread,4822.84,3774.89,7947.0,7947.0,1,0,0,1.22
PHerc0813,9427,as-is,20270342,position,4062.49,4116.92,7947.0,7947.0,1,0,0,1.22
PHerc0813,9427,no-division,20270342,position,4263.49,3839.92,7947.0,7947.0,1,0,0,1.22
PHerc0813,9427,no-division,9434,spread,4348.43,3771.1,7947.0,7947.0,1,0,0,1.22
PHerc0813,9427,no-division,132883,spread,4417.7,4015.61,7947.0,7947.0,1,0,0,1.22
PHerc0813,10048,as-is,20270963,position,4539.56,4045.12,7947.0,7947.0,1,0,0,1.22
PHerc0813,10048,no-division,20270963,position,4635.56,3891.12,7947.0,7947.0,1,0,0,1.22
PHerc0813,10048,no-division,10055,spread,4894.0,3598.69,7947.0,7947.0,1,0,0,1.22
PHerc0813,10048,no-division,133504,spread,4680.94,3854.46,7947.0,7947.0,1,0,0,1.22
PHerc0813,10668,as-is,20271583,position,4889.65,3940.49,7947.0,7947.0,1,0,0,1.22
PHerc0813,10668,no-division,20271583,position,5160.65,4104.49,7947.0,7947.0,1,0,0,1.22
PHerc0813,10668,no-division,10675,spread,5120.13,4053.48,7947.0,7947.0,1,0,0,1.22
PHerc0813,10668,no-division,134124,spread,3728.18,3453.41,7947.0,7947.0,1,0,0,1.22
PHerc0813,11289,as-is,20272204,position,3573.71,3515.22,7947.0,7947.0,1,0,0,1.22
PHerc0813,11289,no-division,20272204,position,3557.71,3564.22,7947.0,7947.0,1,0,0,1.22
PHerc0813,11289,no-division,11296,spread,3566.15,3606.96,7947.0,7947.0,1,0,0,1.22
PHerc0813,11289,no-division,134745,spread,3579.86,3620.79,7947.0,7947.0,1,0,0,1.22
PHerc0813,11909,as-is,20272824,position,3376.86,3601.41,7947.0,7947.0,1,0,0,1.22
PHerc0813,11909,no-division,20272824,position,3392.86,3622.41,7947.0,7947.0,1,0,0,1.22
PHerc0813,11909,no-division,11916,spread,3410.31,3559.51,7947.0,7947.0,1,0,0,1.22
PHerc0813,11909,no-division,135365,spread,3365.79,3659.92,7947.0,7947.0,1,0,0,1.27
PHerc0813,12530,as-is,20273445,position,3397.15,3595.64,7947.0,7947.0,1,0,0,1.22
PHerc0813,12530,no-division,20273445,position,3402.15,3648.64,7947.0,7947.0,1,0,0,1.22
PHerc0813,12530,no-division,12537,spread,3414.4,3630.6,7947.0,7947.0,1,0,0,1.22
PHerc0813,12530,no-division,135986,spread,3407.61,3645.86,7947.0,7947.0,1,0,0,1.22
PHerc0813,13151,as-is,20274066,position,3274.45,3726.45,7947.0,7947.0,1,0,0,1.22
PHerc0813,13151,no-division,20274066,position,3300.45,3831.45,7947.0,7947.0,1,0,0,1.22
PHerc0813,13151,no-division,13158,spread,3322.0,3462.59,7947.0,7947.0,1,0,0,1.22
PHerc0813,13151,no-division,136607,spread,3343.55,3513.28,7947.0,7947.0,1,0,0,1.22
PHerc0813,13771,as-is,20274686,position,3197.2,3872.98,7947.0,7947.0,1,0,0,1.22
PHerc0813,13771,no-division,20274686,position,3204.2,3884.98,7947.0,7947.0,1,0,0,1.22
PHerc0813,13771,no-division,13778,spread,3188.82,3928.95,7947.0,7947.0,1,0,0,1.22
PHerc0813,13771,no-division,137227,spread,3185.68,3909.3,7947.0,7947.0,1,0,0,1.22
PHerc0813,14392,as-is,20275307,position,2686.58,3729.3,7947.0,7947.0,1,0,0,1.22
PHerc0813,14392,no-division,20275307,position,3062.58,3278.3,7947.0,7947.0,1,0,0,1.27
PHerc0813,14392,no-division,14399,spread,2968.05,3845.46,7947.0,7947.0,1,0,0,1.27
PHerc0813,14392,no-division,137848,spread,2997.79,3941.98,7947.0,7947.0,1,0,0,1.22
PHerc0813,15012,as-is,20275927,position,2907.37,3297.5,7947.0,7947.0,1,0,0,1.22
PHerc0813,15012,no-division,20275927,position,2677.37,3373.5,7947.0,7947.0,1,0,0,1.22
PHerc0813,15012,no-division,15019,spread,2867.77,3293.99,7947.0,7947.0,1,0,0,1.22
PHerc0813,15012,no-division,138468,spread,2451.45,3666.19,7947.0,7947.0,1,0,0,1.22
PHerc0813,15633,as-is,20276548,position,2456.25,3193.61,7947.0,7947.0,1,0,0,1.27
PHerc0813,15633,no-division,20276548,position,2471.25,3193.61,7947.0,7947.0,1,0,0,1.22
PHerc0813,15633,no-division,15640,spread,2594.44,3177.35,7947.0,7947.0,1,0,0,1.22
PHerc0813,15633,no-division,139089,spread,2372.75,3214.72,7947.0,7947.0,1,0,0,1.22
PHerc0826,1353,as-is,20262268,position,4282.3,13986.04,8169.0,8169.0,0,0,0,1.22
PHerc0826,1353,no-division,20262268,position,4693.3,3921.04,8169.0,8169.0,1,0,0,1.22
PHerc0826,1353,no-division,1360,spread,4906.09,3905.34,8169.0,8169.0,1,0,0,1.22
PHerc0826,1353,no-division,124809,spread,4701.55,3925.59,8169.0,8169.0,1,0,0,1.22
PHerc0826,1971,as-is,20262886,position,5055.86,-3063.45,8169.0,8169.0,0,0,0,1.22
PHerc0826,1971,no-division,20262886,position,5264.86,4460.55,8169.0,8169.0,1,0,0,1.22
PHerc0826,1971,no-division,1978,spread,5258.31,4427.0,8169.0,8169.0,1,0,0,1.22
PHerc0826,1971,no-division,125427,spread,5274.43,4477.24,8169.0,8169.0,1,0,0,1.22
PHerc0826,2589,as-is,20263504,position,5700.72,-4020.25,8169.0,8169.0,0,0,0,1.22
PHerc0826,2589,no-division,20263504,position,5028.72,4104.75,8169.0,8169.0,1,0,0,1.22
PHerc0826,2589,no-division,2596,spread,5227.53,4170.02,8169.0,8169.0,1,0,0,1.22
PHerc0826,2589,no-division,126045,spread,5191.57,4175.5,8169.0,8169.0,1,0,0,1.22
PHerc0826,3207,as-is,20264122,position,2480.83,9202.51,8169.0,8169.0,0,0,0,1.22
PHerc0826,3207,no-division,20264122,position,5132.83,3827.51,8169.0,8169.0,1,0,0,1.22
PHerc0826,3207,no-division,3214,spread,5195.99,3807.63,8169.0,8169.0,1,0,0,1.22
PHerc0826,3207,no-division,126663,spread,4977.15,3743.77,8169.0,8169.0,1,0,0,1.22
PHerc0826,3825,as-is,20264740,position,2326.86,7686.14,8169.0,8169.0,1,0,0,1.22
PHerc0826,3825,no-division,20264740,position,5004.86,3450.14,8169.0,8169.0,1,0,0,1.22
PHerc0826,3825,no-division,3832,spread,5049.66,3543.67,8169.0,8169.0,1,0,0,1.22
PHerc0826,3825,no-division,127281,spread,4973.68,3437.63,8169.0,8169.0,1,0,0,1.22
PHerc0826,4443,as-is,20265358,position,2134.32,9074.45,8169.0,8169.0,0,0,0,1.22
PHerc0826,4443,no-division,20265358,position,4896.32,3501.44,8169.0,8169.0,1,0,0,1.22
PHerc0826,4443,no-division,4450,spread,4613.69,3569.06,8169.0,8169.0,1,0,0,1.22
PHerc0826,4443,no-division,127899,spread,4920.83,3508.51,8169.0,8169.0,1,0,0,1.22
PHerc0826,5061,as-is,20265976,position,4535.01,1091.15,8169.0,8169.0,1,0,0,1.22
PHerc0826,5061,no-division,20265976,position,4854.01,3910.15,8169.0,8169.0,1,0,0,1.22
PHerc0826,5061,no-division,5068,spread,4661.56,3914.49,8169.0,8169.0,1,0,0,1.22
PHerc0826,5061,no-division,128517,spread,4702.82,3998.41,8169.0,8169.0,1,0,0,1.22
PHerc0826,5679,as-is,20266594,position,4851.16,-232.95,8169.0,8169.0,0,0,0,1.22
PHerc0826,5679,no-division,20266594,position,4883.16,4259.05,8169.0,8169.0,1,0,0,1.22
PHerc0826,5679,no-division,5686,spread,5035.08,4375.81,8169.0,8169.0,1,0,0,1.22
PHerc0826,5679,no-division,129135,spread,4959.65,4361.12,8169.0,8169.0,1,0,0,1.22
PHerc0826,6297,as-is,20267212,position,3668.43,-2907.86,8169.0,8169.0,0,0,0,1.27
PHerc0826,6297,no-division,20267212,position,3184.43,3843.14,8169.0,8169.0,1,0,0,1.17
PHerc0826,6297,no-division,6304,spread,3329.04,3837.99,8169.0,8169.0,1,0,0,1.22
PHerc0826,6297,no-division,129753,spread,3964.69,4389.21,8169.0,8169.0,1,0,0,1.17
PHerc0826,6915,as-is,20267830,position,3522.98,-3329.63,8169.0,8169.0,0,0,0,1.22
PHerc0826,6915,no-division,20267830,position,3255.98,4211.37,8169.0,8169.0,1,0,0,1.22
PHerc0826,6915,no-division,6922,spread,3636.9,4195.6,8169.0,8169.0,1,0,0,1.22
PHerc0826,6915,no-division,130371,spread,3461.2,4280.01,8169.0,8169.0,1,0,0,1.22
PHerc0826,7533,as-is,20268448,position,3996.92,-6215.57,8169.0,8169.0,0,0,0,1.22
PHerc0826,7533,no-division,20268448,position,3272.92,4382.43,8169.0,8169.0,1,0,0,1.22
PHerc0826,7533,no-division,7540,spread,3273.86,4403.7,8169.0,8169.0,1,0,0,1.22
PHerc0826,7533,no-division,130989,spread,3135.49,4381.02,8169.0,8169.0,1,0,0,1.22
PHerc0826,8151,as-is,20269066,position,3219.47,121.18,8169.0,8169.0,1,0,0,1.22
PHerc0826,8151,no-division,20269066,position,2887.47,4385.18,8169.0,8169.0,1,0,0,1.22
PHerc0826,8151,no-division,8158,spread,2924.29,4381.7,8169.0,8169.0,1,0,0,1.22
PHerc0826,8151,no-division,131607,spread,2860.59,4382.42,8169.0,8169.0,1,0,0,1.22
PHerc0826,8768,as-is,20269683,position,3334.61,554.36,8169.0,8169.0,1,0,0,1.22
PHerc0826,8768,no-division,20269683,position,2730.61,4569.36,8169.0,8169.0,1,0,0,1.22
PHerc0826,8768,no-division,8775,spread,2465.15,4939.08,8169.0,8169.0,1,0,0,1.22
PHerc0826,8768,no-division,132224,spread,2726.28,4585.69,8169.0,8169.0,1,0,0,1.22
PHerc0826,9386,as-is,20270301,position,4306.87,1764.87,8169.0,8169.0,1,0,0,1.22
PHerc0826,9386,no-division,20270301,position,3411.87,5259.87,8169.0,8169.0,1,0,0,1.22
PHerc0826,9386,no-division,9393,spread,3175.31,4825.26,8169.0,8169.0,1,0,0,1.22
PHerc0826,9386,no-division,132842,spread,3179.18,4847.06,8169.0,8169.0,1,0,0,1.22
PHerc0826,10004,as-is,20270919,position,4246.26,1469.38,8169.0,8169.0,1,0,0,1.22
PHerc0826,10004,no-division,20270919,position,3006.26,4533.38,8169.0,8169.0,1,0,0,1.22
PHerc0826,10004,no-division,10011,spread,2971.23,4651.44,8169.0,8169.0,1,0,0,1.17
PHerc0826,10004,no-division,133460,spread,3192.8,5351.02,8169.0,8169.0,1,0,0,1.22
PHerc0826,10622,as-is,20271537,position,4320.87,683.26,8169.0,8169.0,1,0,0,1.22
PHerc0826,10622,no-division,20271537,position,3672.87,4615.26,8169.0,8169.0,1,0,0,1.22
PHerc0826,10622,no-division,10629,spread,2937.68,5256.59,8169.0,8169.0,1,0,0,1.22
PHerc0826,10622,no-division,134078,spread,2924.26,5277.5,8169.0,8169.0,1,0,0,1.22
PHerc0826,11240,as-is,20272155,position,4436.77,1407.44,8169.0,8169.0,1,0,0,1.22
PHerc0826,11240,no-division,20272155,position,3294.77,4509.44,8169.0,8169.0,1,0,0,1.22
PHerc0826,11240,no-division,11247,spread,3094.03,4577.73,8169.0,8169.0,1,0,0,1.22
PHerc0826,11240,no-division,134696,spread,3090.5,4765.46,8169.0,8169.0,1,0,0,1.38
PHerc0826,11858,as-is,20272773,position,4404.99,-110.53,8169.0,8169.0,0,0,0,1.22
PHerc0826,11858,no-division,20272773,position,3809.99,5064.47,8169.0,8169.0,1,0,0,1.22
PHerc0826,11858,no-division,11865,spread,3634.56,5055.92,8169.0,8169.0,1,0,0,1.32
PHerc0826,11858,no-division,135314,spread,3791.26,4759.74,8169.0,8169.0,1,0,0,1.27
PHerc0826,12476,as-is,20273391,position,4710.64,-1356.52,8169.0,8169.0,0,0,0,1.22
PHerc0826,12476,no-division,20273391,position,3614.64,4762.48,8169.0,8169.0,1,0,0,1.28
PHerc0826,12476,no-division,12483,spread,4015.17,4882.74,8169.0,8169.0,1,0,0,1.22
PHerc0826,12476,no-division,135932,spread,4567.72,4927.59,8169.0,8169.0,1,0,0,1.22
PHerc0826,13094,as-is,20274009,position,4693.54,-1537.62,8169.0,8169.0,0,0,0,1.27
PHerc0826,13094,no-division,20274009,position,4722.54,4699.38,8169.0,8169.0,1,0,0,1.27
PHerc0826,13094,no-division,13101,spread,4071.44,4822.22,8169.0,8169.0,1,0,0,1.22
PHerc0826,13094,no-division,136550,spread,4741.75,4716.62,8169.0,8169.0,1,0,0,1.22
PHerc0826,13712,as-is,20274627,position,4859.54,-2748.87,8169.0,8169.0,0,0,0,1.22
PHerc0826,13712,no-division,20274627,position,4986.54,4404.13,8169.0,8169.0,1,0,0,1.28
PHerc0826,13712,no-division,13719,spread,4968.48,4429.15,8169.0,8169.0,1,0,0,1.22
PHerc0826,13712,no-division,137168,spread,4906.93,4397.03,8169.0,8169.0,1,0,0,1.22
PHerc0826,14330,as-is,20275245,position,4608.51,-3928.49,8169.0,8169.0,0,0,0,1.27
PHerc0826,14330,no-division,20275245,position,4945.51,4449.51,8169.0,8169.0,1,0,0,1.22
PHerc0826,14330,no-division,14337,spread,5116.62,4456.08,8169.0,8169.0,1,0,0,1.22
PHerc0826,14330,no-division,137786,spread,4892.47,4440.21,8169.0,8169.0,1,0,0,1.22
PHerc0826,14948,as-is,20275863,position,4859.47,-7824.36,8169.0,8169.0,0,0,0,1.22
PHerc0826,14948,no-division,20275863,position,5095.47,4103.64,8169.0,8169.0,1,0,0,1.22
PHerc0826,14948,no-division,14955,spread,5081.26,4094.19,8169.0,8169.0,1,0,0,1.22
PHerc0826,14948,no-division,138404,spread,5086.78,4105.99,8169.0,8169.0,1,0,0,1.22
PHerc0826,15566,as-is,20276481,position,7226.16,-25491.61,8169.0,8169.0,0,0,0,1.27
PHerc0826,15566,no-division,20276481,position,5472.16,4084.39,8169.0,8169.0,1,0,0,1.22
PHerc0826,15566,no-division,15573,spread,5538.22,4039.31,8169.0,8169.0,1,0,0,1.22
PHerc0826,15566,no-division,139022,spread,4571.53,3700.76,8169.0,8169.0,1,0,0,1.22
PHerc0846A,1121,as-is,20262036,position,4671.36,-364.33,7726.0,7726.0,0,0,0,1.22
PHerc0846A,1121,no-division,20262036,position,1431.36,3298.67,7726.0,7726.0,1,0,0,1.22
PHerc0846A,1121,no-division,1128,spread,3034.36,3020.06,7726.0,7726.0,1,0,0,1.22
PHerc0846A,1121,no-division,124577,spread,3550.75,3248.54,7726.0,7726.0,1,0,0,1.22
PHerc0846A,1633,as-is,20262548,position,-90982.52,-4187525.75,7726.0,7726.0,0,0,0,2.52
PHerc0846A,1633,no-division,20262548,position,2769.48,5243.32,7726.0,7726.0,1,0,0,1.17
PHerc0846A,1633,no-division,1640,spread,3162.48,5200.15,7726.0,7726.0,1,0,0,1.22
PHerc0846A,1633,no-division,125089,spread,3319.23,5400.9,7726.0,7726.0,1,0,0,1.22
PHerc0846A,2145,as-is,20263060,position,3423.52,3196.63,7726.0,7726.0,1,0,0,1.22
PHerc0846A,2145,no-division,20263060,position,2784.52,4192.63,7726.0,7726.0,1,0,0,1.22
PHerc0846A,2145,no-division,2152,spread,3748.89,3873.57,7726.0,7726.0,1,0,0,1.22
PHerc0846A,2145,no-division,125601,spread,3950.9,3935.06,7726.0,7726.0,1,0,0,1.22
PHerc0846A,2657,as-is,20263572,position,3356.33,3823.84,7726.0,7726.0,1,0,0,1.22
PHerc0846A,2657,no-division,20263572,position,3674.33,3913.84,7726.0,7726.0,1,0,0,1.22
PHerc0846A,2657,no-division,2664,spread,3339.7,3915.09,7726.0,7726.0,1,0,0,1.22
PHerc0846A,2657,no-division,126113,spread,3466.77,3902.64,7726.0,7726.0,1,0,0,1.22
PHerc0846A,3169,as-is,20264084,position,3668.5,3892.17,7726.0,7726.0,1,0,0,1.22
PHerc0846A,3169,no-division,20264084,position,3678.5,3912.17,7726.0,7726.0,1,0,0,1.22
PHerc0846A,3169,no-division,3176,spread,3687.62,3899.94,7726.0,7726.0,1,0,0,1.22
PHerc0846A,3169,no-division,126625,spread,3737.25,3858.7,7726.0,7726.0,1,0,0,1.22
PHerc0846A,3681,as-is,20264596,position,3568.13,3890.64,7726.0,7726.0,1,0,0,1.22
PHerc0846A,3681,no-division,20264596,position,3571.13,3900.64,7726.0,7726.0,1,0,0,1.22
PHerc0846A,3681,no-division,3688,spread,3573.02,3912.49,7726.0,7726.0,1,0,0,1.27
PHerc0846A,3681,no-division,127137,spread,3567.98,3917.0,7726.0,7726.0,1,0,0,1.22
PHerc0846A,4193,as-is,20265108,position,3432.41,3921.77,7726.0,7726.0,1,0,0,1.22
PHerc0846A,4193,no-division,20265108,position,3858.41,3804.77,7726.0,7726.0,1,0,0,1.22
PHerc0846A,4193,no-division,4200,spread,3828.41,3818.03,7726.0,7726.0,1,0,0,1.22
PHerc0846A,4193,no-division,127649,spread,3841.42,3806.37,7726.0,7726.0,1,0,0,1.22
PHerc0846A,4705,as-is,20265620,position,6332.08,17409.79,7726.0,7726.0,0,0,0,1.22
PHerc0846A,4705,no-division,20265620,position,3438.08,4213.79,7726.0,7726.0,1,0,0,1.22
PHerc0846A,4705,no-division,4712,spread,3796.5,3887.87,7726.0,7726.0,1,0,0,1.22
PHerc0846A,4705,no-division,128161,spread,3627.94,3966.18,7726.0,7726.0,1,0,0,1.22
PHerc0846A,5217,as-is,20266132,position,-19389.83,-120854.56,7726.0,7726.0,0,0,0,1.62
PHerc0846A,5217,no-division,20266132,position,3132.17,4153.44,7726.0,7726.0,1,0,0,1.22
PHerc0846A,5217,no-division,5224,spread,3197.14,4172.34,7726.0,7726.0,1,0,0,1.22
PHerc0846A,5217,no-division,128673,spread,3859.9,4570.66,7726.0,7726.0,1,0,0,1.22
PHerc0846A,5729,as-is,20266644,position,5183.86,12814.16,7726.0,7726.0,0,0,0,1.22
PHerc0846A,5729,no-division,20266644,position,3389.86,4082.16,7726.0,7726.0,1,0,0,1.22
PHerc0846A,5729,no-division,5736,spread,3398.03,4046.44,7726.0,7726.0,1,0,0,1.22
PHerc0846A,5729,no-division,129185,spread,3428.9,4028.92,7726.0,7726.0,1,0,0,1.22
PHerc0846A,6241,as-is,20267156,position,4664.28,10295.99,7726.0,7726.0,0,0,0,1.22
PHerc0846A,6241,no-division,20267156,position,3752.28,3876.99,7726.0,7726.0,1,0,0,1.22
PHerc0846A,6241,no-division,6248,spread,3782.0,4246.4,7726.0,7726.0,1,0,0,1.22
PHerc0846A,6241,no-division,129697,spread,3756.4,4242.46,7726.0,7726.0,1,0,0,1.22
PHerc0846A,6753,as-is,20267668,position,-444988.22,-1855853.5,7726.0,7726.0,0,0,0,2.37
PHerc0846A,6753,no-division,20267668,position,3734.78,4001.49,7726.0,7726.0,1,0,0,1.22
PHerc0846A,6753,no-division,6760,spread,3813.59,4209.06,7726.0,7726.0,1,0,0,1.22
PHerc0846A,6753,no-division,130209,spread,3820.84,4010.34,7726.0,7726.0,1,0,0,1.22
PHerc0846A,7265,as-is,20268180,position,-225082.09,-1368284.5,7726.0,7726.0,0,0,0,2.42
PHerc0846A,7265,no-division,20268180,position,4055.9,4410.48,7726.0,7726.0,1,0,0,1.22
PHerc0846A,7265,no-division,7272,spread,3906.42,4371.65,7726.0,7726.0,1,0,0,1.22
PHerc0846A,7265,no-division,130721,spread,3620.06,4356.25,7726.0,7726.0,1,0,0,1.22
PHerc0846A,7777,as-is,20268692,position,6792.23,27509.25,7726.0,7726.0,0,0,0,1.22
PHerc0846A,7777,no-division,20268692,position,3801.23,4132.25,7726.0,7726.0,1,0,0,1.22
PHerc0846A,7777,no-division,7784,spread,3811.82,4148.09,7726.0,7726.0,1,0,0,1.22
PHerc0846A,7777,no-division,131233,spread,3802.28,4149.45,7726.0,7726.0,1,0,0,1.17
PHerc0846A,8289,as-is,20269204,position,4817.74,16171.6,7726.0,7726.0,0,0,0,1.22
PHerc0846A,8289,no-division,20269204,position,3237.74,3837.6,7726.0,7726.0,1,0,0,1.22
PHerc0846A,8289,no-division,8296,spread,3267.23,3893.91,7726.0,7726.0,1,0,0,1.22
PHerc0846A,8289,no-division,131745,spread,3230.58,3758.7,7726.0,7726.0,1,0,0,1.22
PHerc0846A,8801,as-is,20269716,position,3934.94,10879.74,7726.0,7726.0,0,0,0,1.22
PHerc0846A,8801,no-division,20269716,position,4280.94,3831.74,7726.0,7726.0,1,0,0,1.22
PHerc0846A,8801,no-division,8808,spread,3974.09,3663.3,7726.0,7726.0,1,0,0,1.27
PHerc0846A,8801,no-division,132257,spread,4415.62,3681.38,7726.0,7726.0,1,0,0,1.22
PHerc0846A,9313,as-is,20270228,position,4086.01,12659.65,7726.0,7726.0,0,0,0,1.22
PHerc0846A,9313,no-division,20270228,position,4378.01,3674.65,7726.0,7726.0,1,0,0,1.22
PHerc0846A,9313,no-division,9320,spread,3977.88,3715.07,7726.0,7726.0,1,0,0,1.22
PHerc0846A,9313,no-division,132769,spread,4478.9,3662.06,7726.0,7726.0,1,0,0,1.22
PHerc0846A,9825,as-is,20270740,position,4314.8,12901.11,7726.0,7726.0,0,0,0,1.22
PHerc0846A,9825,no-division,20270740,position,3888.8,3480.11,7726.0,7726.0,1,0,0,1.22
PHerc0846A,9825,no-division,9832,spread,4690.07,3937.64,7726.0,7726.0,1,0,0,1.22
PHerc0846A,9825,no-division,133281,spread,3925.59,3389.89,7726.0,7726.0,1,0,0,1.22
PHerc0846A,10337,as-is,20271252,position,4504.76,16405.47,7726.0,7726.0,0,0,0,1.22
PHerc0846A,10337,no-division,20271252,position,2713.76,3640.47,7726.0,7726.0,1,0,0,1.22
PHerc0846A,10337,no-division,10344,spread,2946.32,3491.6,7726.0,7726.0,1,0,0,1.22
PHerc0846A,10337,no-division,133793,spread,2723.01,3679.97,7726.0,7726.0,1,0,0,1.22
PHerc0846A,10849,as-is,20271764,position,1900.6,-27491.67,7726.0,7726.0,0,0,0,1.22
PHerc0846A,10849,no-division,20271764,position,3586.6,3891.33,7726.0,7726.0,1,0,0,1.22
PHerc0846A,10849,no-division,10856,spread,4283.45,3500.44,7726.0,7726.0,1,0,0,1.22
PHerc0846A,10849,no-division,134305,spread,4155.63,3403.88,7726.0,7726.0,1,0,0,1.22
PHerc0846A,11361,as-is,20272276,position,-11065.89,-146958.34,7726.0,7726.0,0,0,0,1.57
PHerc0846A,11361,no-division,20272276,position,4131.11,3568.66,7726.0,7726.0,1,0,0,1.22
PHerc0846A,11361,no-division,11368,spread,3937.17,3522.42,7726.0,7726.0,1,0,0,1.22
PHerc0846A,11361,no-division,134817,spread,3893.26,3649.94,7726.0,7726.0,1,0,0,1.22
PHerc0846A,11873,as-is,20272788,position,-2418.3,-52449.06,7726.0,7726.0,0,0,0,1.37
PHerc0846A,11873,no-division,20272788,position,5283.7,3510.94,7726.0,7726.0,1,0,0,1.22
PHerc0846A,11873,no-division,11880,spread,5303.77,3510.17,7726.0,7726.0,1,0,0,1.22
PHerc0846A,11873,no-division,135329,spread,3169.04,3825.09,7726.0,7726.0,1,0,0,1.22
PHerc0846A,12385,as-is,20273300,position,1892.61,-20048.36,7726.0,7726.0,0,0,0,1.22
PHerc0846A,12385,no-division,20273300,position,5568.61,3636.64,7726.0,7726.0,1,0,0,1.22
PHerc0846A,12385,no-division,12392,spread,2336.11,3751.01,7726.0,7726.0,1,0,0,1.22
PHerc0846A,12385,no-division,135841,spread,4337.37,3494.49,7726.0,7726.0,1,0,0,1.22
PHerc0846A,12897,as-is,20273812,position,2803.53,-10495.38,7726.0,7726.0,0,0,0,1.22
PHerc0846A,12897,no-division,20273812,position,4648.54,3577.62,7726.0,7726.0,1,0,0,1.22
PHerc0846A,12897,no-division,12904,spread,4616.0,3375.03,7726.0,7726.0,1,0,0,1.22
PHerc0846A,12897,no-division,136353,spread,4513.04,3545.91,7726.0,7726.0,1,0,0,1.22
PHerc0846B,1114,as-is,20262029,position,-1066.07,-85390.2,7859.0,7859.0,0,0,0,1.27
PHerc0846B,1114,no-division,20262029,position,1878.93,4851.81,7859.0,7859.0,1,0,0,1.22
PHerc0846B,1114,no-division,1121,spread,1849.57,4868.42,7859.0,7859.0,1,0,0,1.22
PHerc0846B,1114,no-division,124570,spread,1854.09,4883.1,7859.0,7859.0,1,0,0,1.22
PHerc0846B,1622,as-is,20262537,position,2521.45,-58.02,7859.0,7859.0,0,0,0,1.22
PHerc0846B,1622,no-division,20262537,position,1952.45,4735.98,7859.0,7859.0,1,0,0,1.22
PHerc0846B,1622,no-division,1629,spread,3042.28,4252.1,7859.0,7859.0,1,0,0,1.22
PHerc0846B,1622,no-division,125078,spread,1953.14,4736.23,7859.0,7859.0,1,0,0,1.22
PHerc0846B,2131,as-is,20263046,position,2337.8,-966.21,7859.0,7859.0,0,0,0,1.22
PHerc0846B,2131,no-division,20263046,position,3987.8,4423.79,7859.0,7859.0,1,0,0,1.22
PHerc0846B,2131,no-division,2138,spread,4015.17,4482.48,7859.0,7859.0,1,0,0,1.22
PHerc0846B,2131,no-division,125587,spread,4160.18,4370.27,7859.0,7859.0,1,0,0,1.22
PHerc0846B,2639,as-is,20263554,position,1776.09,-4475.98,7859.0,7859.0,0,0,0,1.22
PHerc0846B,2639,no-division,20263554,position,3282.09,4273.02,7859.0,7859.0,1,0,0,1.22
PHerc0846B,2639,no-division,2646,spread,4180.99,4723.26,7859.0,7859.0,1,0,0,1.22
PHerc0846B,2639,no-division,126095,spread,3270.56,4322.26,7859.0,7859.0,1,0,0,1.22
PHerc0846B,3148,as-is,20264063,position,-91441.84,-416230.59,7859.0,7859.0,0,0,0,2.22
PHerc0846B,3148,no-division,20264063,position,4973.16,4222.4,7859.0,7859.0,1,0,0,1.22
PHerc0846B,3148,no-division,3155,spread,4011.07,4507.24,7859.0,7859.0,1,0,0,1.22
PHerc0846B,3148,no-division,126604,spread,5000.88,4257.29,7859.0,7859.0,1,0,0,1.22
PHerc0846B,3657,as-is,20264572,position,-5449.16,-46203.45,7859.0,7859.0,0,0,0,1.42
PHerc0846B,3657,no-division,20264572,position,3891.84,4226.55,7859.0,7859.0,1,0,0,1.22
PHerc0846B,3657,no-division,3664,spread,4992.6,4111.31,7859.0,7859.0,1,0,0,1.22
PHerc0846B,3657,no-division,127113,spread,3813.05,4239.56,7859.0,7859.0,1,0,0,1.27
PHerc0846B,4165,as-is,20265080,position,-146090.27,-1053261.25,7859.0,7859.0,0,0,0,2.47
PHerc0846B,4165,no-division,20265080,position,3275.73,3742.72,7859.0,7859.0,1,0,0,1.22
PHerc0846B,4165,no-division,4172,spread,2169.63,4073.68,7859.0,7859.0,1,0,0,1.22
PHerc0846B,4165,no-division,127621,spread,3842.18,4330.72,7859.0,7859.0,1,0,0,1.22
PHerc0846B,4674,as-is,20265589,position,1799.2,-5122.36,7859.0,7859.0,0,0,0,1.22
PHerc0846B,4674,no-division,20265589,position,2234.2,4022.64,7859.0,7859.0,1,0,0,1.22
PHerc0846B,4674,no-division,4681,spread,2403.26,4177.35,7859.0,7859.0,1,0,0,1.22
PHerc0846B,4674,no-division,128130,spread,3219.38,3940.87,7859.0,7859.0,1,0,0,1.22
PHerc0846B,5182,as-is,20266097,position,-2017.87,-23747.5,7859.0,7859.0,0,0,0,1.32
PHerc0846B,5182,no-division,20266097,position,3465.13,3742.5,7859.0,7859.0,1,0,0,1.22
PHerc0846B,5182,no-division,5189,spread,3433.29,3770.37,7859.0,7859.0,1,0,0,1.22
PHerc0846B,5182,no-division,128638,spread,3331.44,3740.16,7859.0,7859.0,1,0,0,1.22
PHerc0846B,5691,as-is,20266606,position,2267.39,-2153.92,7859.0,7859.0,0,0,0,1.22
PHerc0846B,5691,no-division,20266606,position,2300.39,3943.08,7859.0,7859.0,1,0,0,1.22
PHerc0846B,5691,no-division,5698,spread,2264.59,3941.95,7859.0,7859.0,1,0,0,1.22
PHerc0846B,5691,no-division,129147,spread,3245.57,3608.13,7859.0,7859.0,1,0,0,1.22
PHerc0846B,6200,as-is,20267115,position,1995.45,-3216.09,7859.0,7859.0,0,0,0,1.22
PHerc0846B,6200,no-division,20267115,position,3451.45,3597.91,7859.0,7859.0,1,0,0,1.22
PHerc0846B,6200,no-division,6207,spread,3682.5,4295.87,7859.0,7859.0,1,0,0,1.22
PHerc0846B,6200,no-division,129656,spread,3164.78,3372.61,7859.0,7859.0,1,0,0,1.22
PHerc0846B,6708,as-is,20267623,position,1921.71,-3434.09,7859.0,7859.0,0,0,0,1.22
PHerc0846B,6708,no-division,20267623,position,3654.71,4262.91,7859.0,7859.0,1,0,0,1.22
PHerc0846B,6708,no-division,6715,spread,3196.82,3535.57,7859.0,7859.0,1,0,0,1.22
PHerc0846B,6708,no-division,130164,spread,4687.56,4442.01,7859.0,7859.0,1,0,0,1.22
PHerc0846B,7217,as-is,20268132,position,1759.25,-5204.93,7859.0,7859.0,0,0,0,1.22
PHerc0846B,7217,no-division,20268132,position,4096.25,4176.07,7859.0,7859.0,1,0,0,1.22
PHerc0846B,7217,no-division,7224,spread,4379.83,4116.17,7859.0,7859.0,1,0,0,1.22
PHerc0846B,7217,no-division,130673,spread,3545.59,4167.34,7859.0,7859.0,1,0,0,1.22
PHerc0846B,7725,as-is,20268640,position,1586.01,-3708.54,7859.0,7859.0,0,0,0,1.22
PHerc0846B,7725,no-division,20268640,position,3746.01,4028.46,7859.0,7859.0,1,0,0,1.22
PHerc0846B,7725,no-division,7732,spread,3811.08,4185.21,7859.0,7859.0,1,0,0,1.22
PHerc0846B,7725,no-division,131181,spread,3767.38,4059.43,7859.0,7859.0,1,0,0,1.22
PHerc0846B,8234,as-is,20269149,position,996.92,-5206.73,7859.0,7859.0,0,0,0,1.22
PHerc0846B,8234,no-division,20269149,position,3856.92,4071.27,7859.0,7859.0,1,0,0,1.22
PHerc0846B,8234,no-division,8241,spread,3831.67,3872.1,7859.0,7859.0,1,0,0,1.22
PHerc0846B,8234,no-division,131690,spread,3845.86,3800.54,7859.0,7859.0,1,0,0,1.22
PHerc0846B,8743,as-is,20269658,position,3082.01,10503.38,7859.0,7859.0,0,0,0,1.22
PHerc0846B,8743,no-division,20269658,position,3422.01,3953.38,7859.0,7859.0,1,0,0,1.22
PHerc0846B,8743,no-division,8750,spread,3340.6,3831.28,7859.0,7859.0,1,0,0,1.22
PHerc0846B,8743,no-division,132199,spread,3366.15,3802.85,7859.0,7859.0,1,0,0,1.22
PHerc0846B,9251,as-is,20270166,position,3781.15,14371.48,7859.0,7859.0,0,0,0,1.22
PHerc0846B,9251,no-division,20270166,position,4469.15,3696.48,7859.0,7859.0,1,0,0,1.22
PHerc0846B,9251,no-division,9258,spread,4011.37,3971.05,7859.0,7859.0,1,0,0,1.22
PHerc0846B,9251,no-division,132707,spread,3693.89,4063.03,7859.0,7859.0,1,0,0,1.22
PHerc0846B,9760,as-is,20270675,position,3429.25,-4619.91,7859.0,7859.0,0,0,0,1.22
PHerc0846B,9760,no-division,20270675,position,3439.25,3829.09,7859.0,7859.0,1,0,0,1.22
PHerc0846B,9760,no-division,9767,spread,3731.54,4189.92,7859.0,7859.0,1,0,0,1.22
PHerc0846B,9760,no-division,133216,spread,3664.25,4058.28,7859.0,7859.0,1,0,0,1.22
PHerc0846B,10268,as-is,20271183,position,6433.04,20785.87,7859.0,7859.0,0,0,0,1.27
PHerc0846B,10268,no-division,20271183,position,4124.04,4231.87,7859.0,7859.0,1,0,0,1.22
PHerc0846B,10268,no-division,10275,spread,3611.59,4093.21,7859.0,7859.0,1,0,0,1.22
PHerc0846B,10268,no-division,133724,spread,4072.74,4238.94,7859.0,7859.0,1,0,0,1.22
PHerc0846B,10777,as-is,20271692,position,3196.75,-5434.15,7859.0,7859.0,0,0,0,1.27
PHerc0846B,10777,no-division,20271692,position,4022.75,4037.85,7859.0,7859.0,1,0,0,1.22
PHerc0846B,10777,no-division,10784,spread,3999.57,4033.37,7859.0,7859.0,1,0,0,1.22
PHerc0846B,10777,no-division,134233,spread,4018.71,4016.82,7859.0,7859.0,1,0,0,1.22
PHerc0846B,11286,as-is,20272201,position,6129.74,37777.78,7859.0,7859.0,0,0,0,1.27
PHerc0846B,11286,no-division,20272201,position,3744.74,4036.78,7859.0,7859.0,1,0,0,1.22
PHerc0846B,11286,no-division,11293,spread,3607.37,4042.15,7859.0,7859.0,1,0,0,1.22
PHerc0846B,11286,no-division,134742,spread,3672.54,4043.38,7859.0,7859.0,1,0,0,1.22
PHerc0846B,11794,as-is,20272709,position,4115.54,4479.36,7859.0,7859.0,1,0,0,1.22
PHerc0846B,11794,no-division,20272709,position,3344.54,4219.36,7859.0,7859.0,1,0,0,1.22
PHerc0846B,11794,no-division,11801,spread,3350.41,4195.15,7859.0,7859.0,1,0,0,1.22
PHerc0846B,11794,no-division,135250,spread,4466.52,3866.16,7859.0,7859.0,1,0,0,1.22
PHerc0846B,12303,as-is,20273218,position,4047.01,4041.55,7859.0,7859.0,1,0,0,1.22
PHerc0846B,12303,no-division,20273218,position,4041.01,4048.55,7859.0,7859.0,1,0,0,1.22
PHerc0846B,12303,no-division,12310,spread,4122.45,4047.41,7859.0,7859.0,1,0,0,1.22
PHerc0846B,12303,no-division,135759,spread,4076.4,4062.15,7859.0,7859.0,1,0,0,1.22
PHerc0846B,12811,as-is,20273726,position,3774.14,4509.85,7859.0,7859.0,1,0,0,1.22
PHerc0846B,12811,no-division,20273726,position,4255.14,4134.85,7859.0,7859.0,1,0,0,1.22
PHerc0846B,12811,no-division,12818,spread,4176.88,4172.78,7859.0,7859.0,1,0,0,1.22
PHerc0846B,12811,no-division,136267,spread,4036.12,4209.56,7859.0,7859.0,1,0,0,1.22
PHerc1203,1518,as-is,20262433,position,1751123.5,2396483.75,6844.0,6844.0,0,0,0,1.92
PHerc1203,1518,no-division,20262433,position,3730.48,747.79,6844.0,6844.0,1,0,0,1.22
PHerc1203,1518,no-division,1525,spread,3551.37,672.97,6844.0,6844.0,1,0,0,1.22
PHerc1203,1518,no-division,124974,spread,5771.21,3265.45,6844.0,6844.0,1,0,0,1.22
PHerc1203,2211,as-is,20263126,position,3399.96,3026.53,6844.0,6844.0,1,0,0,1.22
PHerc1203,2211,no-division,20263126,position,3385.96,2997.53,6844.0,6844.0,1,0,0,1.22
PHerc1203,2211,no-division,2218,spread,3488.91,2939.86,6844.0,6844.0,1,0,0,1.22
PHerc1203,2211,no-division,125667,spread,3447.74,2989.34,6844.0,6844.0,1,0,0,1.37
PHerc1203,2904,as-is,20263819,position,3570.45,3120.48,6844.0,6844.0,1,0,0,1.22
PHerc1203,2904,no-division,20263819,position,3543.45,3188.48,6844.0,6844.0,1,0,0,1.22
PHerc1203,2904,no-division,2911,spread,3521.87,3128.28,6844.0,6844.0,1,0,0,1.22
PHerc1203,2904,no-division,126360,spread,3516.8,3174.02,6844.0,6844.0,1,0,0,1.23
PHerc1203,3597,as-is,20264512,position,3242.21,3385.3,6844.0,6844.0,1,0,0,1.22
PHerc1203,3597,no-division,20264512,position,3242.21,3386.3,6844.0,6844.0,1,0,0,1.27
PHerc1203,3597,no-division,3604,spread,3333.89,3579.88,6844.0,6844.0,1,0,0,1.22
PHerc1203,3597,no-division,127053,spread,3170.63,3265.44,6844.0,6844.0,1,0,0,1.22
PHerc1203,4290,as-is,20265205,position,3310.61,3184.1,6844.0,6844.0,1,0,0,1.22
PHerc1203,4290,no-division,20265205,position,3292.61,3179.1,6844.0,6844.0,1,0,0,1.22
PHerc1203,4290,no-division,4297,spread,3312.32,3205.9,6844.0,6844.0,1,0,0,1.22
PHerc1203,4290,no-division,127746,spread,3298.49,3150.96,6844.0,6844.0,1,0,0,1.22
PHerc1203,4983,as-is,20265898,position,-32709.73,80660.88,6844.0,6844.0,0,0,0,1.43
PHerc1203,4983,no-division,20265898,position,3689.27,3422.87,6844.0,6844.0,1,0,0,1.22
PHerc1203,4983,no-division,4990,spread,3635.04,3378.58,6844.0,6844.0,1,0,0,1.22
PHerc1203,4983,no-division,128439,spread,2581.09,3156.59,6844.0,6844.0,1,0,0,1.22
PHerc1203,5676,as-is,20266591,position,-188966.12,548085.5,6844.0,6844.0,0,0,0,2.12
PHerc1203,5676,no-division,20266591,position,3237.87,3420.52,6844.0,6844.0,1,0,0,1.22
PHerc1203,5676,no-division,5683,spread,3085.26,3333.37,6844.0,6844.0,1,0,0,1.22
PHerc1203,5676,no-division,129132,spread,3262.8,3442.01,6844.0,6844.0,1,0,0,1.22
PHerc1203,6369,as-is,20267284,position,2585.48,8341.09,6844.0,6844.0,0,0,0,1.22
PHerc1203,6369,no-division,20267284,position,3479.48,3619.09,6844.0,6844.0,1,0,0,1.22
PHerc1203,6369,no-division,6376,spread,3533.85,3614.05,6844.0,6844.0,1,0,0,1.22
PHerc1203,6369,no-division,129825,spread,3538.62,3553.08,6844.0,6844.0,1,0,0,1.22
PHerc1203,7062,as-is,20267977,position,2434.5,8825.78,6844.0,6844.0,0,0,0,1.22
PHerc1203,7062,no-division,20267977,position,3217.5,3693.78,6844.0,6844.0,1,0,0,1.22
PHerc1203,7062,no-division,7069,spread,3247.39,3673.17,6844.0,6844.0,1,0,0,1.22
PHerc1203,7062,no-division,130518,spread,3181.54,3750.53,6844.0,6844.0,1,0,0,1.22
PHerc1203,7755,as-is,20268670,position,2407.22,9319.06,6844.0,6844.0,0,0,0,1.22
PHerc1203,7755,no-division,20268670,position,2959.22,3686.06,6844.0,6844.0,1,0,0,1.22
PHerc1203,7755,no-division,7762,spread,2757.58,3649.12,6844.0,6844.0,1,0,0,1.17
PHerc1203,7755,no-division,131211,spread,2830.1,3627.61,6844.0,6844.0,1,0,0,1.17
PHerc1203,8448,as-is,20269363,position,2418.93,15132.69,6844.0,6844.0,0,0,0,1.22
PHerc1203,8448,no-division,20269363,position,3129.93,3648.69,6844.0,6844.0,1,0,0,1.22
PHerc1203,8448,no-division,8455,spread,3197.4,3697.41,6844.0,6844.0,1,0,0,1.22
PHerc1203,8448,no-division,131904,spread,3141.75,3710.65,6844.0,6844.0,1,0,0,1.22
PHerc1203,9141,as-is,20270056,position,3577.88,-1748.42,6844.0,6844.0,0,0,0,1.22
PHerc1203,9141,no-division,20270056,position,3039.88,3604.58,6844.0,6844.0,1,0,0,1.17
PHerc1203,9141,no-division,9148,spread,3058.54,3626.19,6844.0,6844.0,1,0,0,1.22
PHerc1203,9141,no-division,132597,spread,3182.64,3669.46,6844.0,6844.0,1,0,0,1.22
PHerc1203,9835,as-is,20270750,position,3579.5,357.05,6844.0,6844.0,1,0,0,1.22
PHerc1203,9835,no-division,20270750,position,2917.5,3729.05,6844.0,6844.0,1,0,0,1.22
PHerc1203,9835,no-division,9842,spread,2807.75,3702.78,6844.0,6844.0,1,0,0,1.27
PHerc1203,9835,no-division,133291,spread,2793.83,3692.1,6844.0,6844.0,1,0,0,1.22
PHerc1203,10528,as-is,20271443,position,4643.68,-396.71,6844.0,6844.0,0,0,0,1.22
PHerc1203,10528,no-division,20271443,position,3017.68,3720.29,6844.0,6844.0,1,0,0,1.22
PHerc1203,10528,no-division,10535,spread,2995.98,3689.45,6844.0,6844.0,1,0,0,1.22
PHerc1203,10528,no-division,133984,spread,3045.67,3756.89,6844.0,6844.0,1,0,0,1.22
PHerc1203,11221,as-is,20272136,position,2912.7,3325.0,6844.0,6844.0,1,0,0,1.22
PHerc1203,11221,no-division,20272136,position,2920.7,3321.0,6844.0,6844.0,1,0,0,1.22
PHerc1203,11221,no-division,11228,spread,2940.54,3415.05,6844.0,6844.0,1,0,0,1.22
PHerc1203,11221,no-division,134677,spread,2908.88,3458.83,6844.0,6844.0,1,0,0,1.22
PHerc1203,11914,as-is,20272829,position,3435.84,3230.05,6844.0,6844.0,1,0,0,1.22
PHerc1203,11914,no-division,20272829,position,3298.84,3116.05,6844.0,6844.0,1,0,0,1.22
PHerc1203,11914,no-division,11921,spread,3297.86,3109.45,6844.0,6844.0,1,0,0,1.22
PHerc1203,11914,no-division,135370,spread,3324.98,3088.87,6844.0,6844.0,1,0,0,1.22
PHerc1203,12607,as-is,20273522,position,3237.29,2913.71,6844.0,6844.0,1,0,0,1.22
PHerc1203,12607,no-division,20273522,position,3217.29,2847.71,6844.0,6844.0,1,0,0,1.22
PHerc1203,12607,no-division,12614,spread,3243.73,2867.43,6844.0,6844.0,1,0,0,1.22
PHerc1203,12607,no-division,136063,spread,3213.39,2902.93,6844.0,6844.0,1,0,0,1.22
PHerc1203,13300,as-is,20274215,position,3344.07,3090.42,6844.0,6844.0,1,0,0,1.22
PHerc1203,13300,no-division,20274215,position,3379.07,3089.42,6844.0,6844.0,1,0,0,1.22
PHerc1203,13300,no-division,13307,spread,3387.4,3018.68,6844.0,6844.0,1,0,0,1.22
PHerc1203,13300,no-division,136756,spread,3405.04,3076.11,6844.0,6844.0,1,0,0,1.22
PHerc1203,13993,as-is,20274908,position,3680.86,3492.6,6844.0,6844.0,1,0,0,1.22
PHerc1203,13993,no-division,20274908,position,3681.86,3486.6,6844.0,6844.0,1,0,0,1.22
PHerc1203,13993,no-division,14000,spread,3762.28,3466.71,6844.0,6844.0,1,0,0,1.22
PHerc1203,13993,no-division,137449,spread,3736.92,3473.11,6844.0,6844.0,1,0,0,1.22
PHerc1203,14686,as-is,20275601,position,3803.57,4005.95,6844.0,6844.0,1,0,0,1.22
PHerc1203,14686,no-division,20275601,position,3795.57,3960.95,6844.0,6844.0,1,0,0,1.22
PHerc1203,14686,no-division,14693,spread,3798.52,4023.95,6844.0,6844.0,1,0,0,1.22
PHerc1203,14686,no-division,138142,spread,3797.16,4001.74,6844.0,6844.0,1,0,0,1.22
PHerc1203,15379,as-is,20276294,position,3841.07,4308.17,6844.0,6844.0,1,0,0,1.22
PHerc1203,15379,no-division,20276294,position,3969.07,4208.17,6844.0,6844.0,1,0,0,1.22
PHerc1203,15379,no-division,15386,spread,3976.98,4314.92,6844.0,6844.0,1,0,0,1.22
PHerc1203,15379,no-division,138835,spread,3870.55,4328.97,6844.0,6844.0,1,0,0,1.22
PHerc1203,16072,as-is,20276987,position,3287.21,3071.48,6844.0,6844.0,1,0,0,1.22
PHerc1203,16072,no-division,20276987,position,3579.21,3812.48,6844.0,6844.0,1,0,0,1.22
PHerc1203,16072,no-division,16079,spread,3588.18,3941.62,6844.0,6844.0,1,0,0,1.22
PHerc1203,16072,no-division,139528,spread,4172.33,4137.28,6844.0,6844.0,1,0,0,1.22
PHerc1203,16765,as-is,20277680,position,3613.13,3967.95,6844.0,6844.0,1,0,0,1.22
PHerc1203,16765,no-division,20277680,position,3624.13,3966.95,6844.0,6844.0,1,0,0,1.22
PHerc1203,16765,no-division,16772,spread,3741.11,3991.59,6844.0,6844.0,1,0,0,1.22
PHerc1203,16765,no-division,140221,spread,3585.46,3934.9,6844.0,6844.0,1,0,0,1.22
PHerc1203,17458,as-is,20278373,position,3618.42,3632.33,6844.0,6844.0,1,0,0,1.22
PHerc1203,17458,no-division,20278373,position,3648.42,3699.33,6844.0,6844.0,1,0,0,1.22
PHerc1203,17458,no-division,17465,spread,3587.99,3655.75,6844.0,6844.0,1,0,0,1.22
PHerc1203,17458,no-division,140914,spread,3641.78,3689.85,6844.0,6844.0,1,0,0,1.22
PHerc1218,1859,as-is,20262774,position,3203.4,3670.03,7593.0,7593.0,1,0,0,1.22
PHerc1218,1859,no-division,20262774,position,3143.4,3917.03,7593.0,7593.0,1,0,0,1.22
PHerc1218,1859,no-division,1866,spread,3141.93,3934.61,7593.0,7593.0,1,0,0,1.22
PHerc1218,1859,no-division,125315,spread,3097.07,3944.24,7593.0,7593.0,1,0,0,1.17
PHerc1218,2708,as-is,20263623,position,3235.42,3283.48,7593.0,7593.0,1,0,0,1.22
PHerc1218,2708,no-division,20263623,position,3300.42,3411.48,7593.0,7593.0,1,0,0,1.22
PHerc1218,2708,no-division,2715,spread,3246.72,3652.02,7593.0,7593.0,1,0,0,1.22
PHerc1218,2708,no-division,126164,spread,3203.71,3285.81,7593.0,7593.0,1,0,0,1.22
PHerc1218,3557,as-is,20264472,position,2934.76,8635.66,7593.0,7593.0,0,0,0,1.22
PHerc1218,3557,no-division,20264472,position,2958.76,3501.66,7593.0,7593.0,1,0,0,1.22
PHerc1218,3557,no-division,3564,spread,3242.91,3447.95,7593.0,7593.0,1,0,0,1.22
PHerc1218,3557,no-division,127013,spread,3124.9,3472.64,7593.0,7593.0,1,0,0,1.22
PHerc1218,4406,as-is,20265321,position,2231.58,895.5,7593.0,7593.0,1,0,0,1.17
PHerc1218,4406,no-division,20265321,position,3277.58,1906.5,7593.0,7593.0,1,0,0,1.22
PHerc1218,4406,no-division,4413,spread,3486.58,2111.22,7593.0,7593.0,1,0,0,1.22
PHerc1218,4406,no-division,127862,spread,2957.95,2332.42,7593.0,7593.0,1,0,0,1.17
PHerc1218,5255,as-is,20266170,position,2609.42,-3285.67,7593.0,7593.0,0,0,0,1.22
PHerc1218,5255,no-division,20266170,position,3210.42,3885.33,7593.0,7593.0,1,0,0,1.22
PHerc1218,5255,no-division,5262,spread,3229.9,3905.43,7593.0,7593.0,1,0,0,1.22
PHerc1218,5255,no-division,128711,spread,3341.98,3844.88,7593.0,7593.0,1,0,0,1.22
PHerc1218,6104,as-is,20267019,position,5836.15,-9195.99,7593.0,7593.0,0,0,0,1.22
PHerc1218,6104,no-division,20267019,position,4203.15,4764.01,7593.0,7593.0,1,0,0,1.22
PHerc1218,6104,no-division,6111,spread,4226.08,4762.59,7593.0,7593.0,1,0,0,1.22
PHerc1218,6104,no-division,129560,spread,4251.81,4766.28,7593.0,7593.0,1,0,0,1.22
PHerc1218,6953,as-is,20267868,position,7256.66,-8568.34,7593.0,7593.0,0,0,0,1.22
PHerc1218,6953,no-division,20267868,position,3949.66,4439.66,7593.0,7593.0,1,0,0,1.22
PHerc1218,6953,no-division,6960,spread,3915.53,4393.8,7593.0,7593.0,1,0,0,1.22
PHerc1218,6953,no-division,130409,spread,3967.27,4486.7,7593.0,7593.0,1,0,0,1.22
PHerc1218,7802,as-is,20268717,position,3697.48,3992.49,7593.0,7593.0,1,0,0,1.22
PHerc1218,7802,no-division,20268717,position,3745.48,3963.49,7593.0,7593.0,1,0,0,1.22
PHerc1218,7802,no-division,7809,spread,3745.79,3964.1,7593.0,7593.0,1,0,0,1.32
PHerc1218,7802,no-division,131258,spread,3696.59,4001.14,7593.0,7593.0,1,0,0,1.22
PHerc1218,8651,as-is,20269566,position,3793.68,17063.74,7593.0,7593.0,0,0,0,1.22
PHerc1218,8651,no-division,20269566,position,3849.68,4196.74,7593.0,7593.0,1,0,0,1.32
PHerc1218,8651,no-division,8658,spread,3941.52,4233.69,7593.0,7593.0,1,0,0,1.27
PHerc1218,8651,no-division,132107,spread,3892.1,4255.22,7593.0,7593.0,1,0,0,1.22
PHerc1218,9500,as-is,20270415,position,4175.45,15829.26,7593.0,7593.0,0,0,0,1.22
PHerc1218,9500,no-division,20270415,position,4311.45,3931.26,7593.0,7593.0,1,0,0,1.27
PHerc1218,9500,no-division,9507,spread,4319.61,3930.02,7593.0,7593.0,1,0,0,1.22
PHerc1218,9500,no-division,132956,spread,3951.42,4021.08,7593.0,7593.0,1,0,0,1.17
PHerc1218,10349,as-is,20271264,position,4301.55,13747.26,7593.0,7593.0,0,0,0,1.17
PHerc1218,10349,no-division,20271264,position,4058.55,4096.26,7593.0,7593.0,1,0,0,1.22
PHerc1218,10349,no-division,10356,spread,4103.32,4197.95,7593.0,7593.0,1,0,0,1.17
PHerc1218,10349,no-division,133805,spread,4054.05,4091.25,7593.0,7593.0,1,0,0,1.22
PHerc1218,11198,as-is,20272113,position,-134514.97,-4990816.0,7593.0,7593.0,0,0,0,3.07
PHerc1218,11198,no-division,20272113,position,4229.04,4285.3,7593.0,7593.0,1,0,0,1.22
PHerc1218,11198,no-division,11205,spread,4072.92,4278.32,7593.0,7593.0,1,0,0,1.17
PHerc1218,11198,no-division,134654,spread,3932.07,4297.75,7593.0,7593.0,1,0,0,1.22
PHerc1218,12048,as-is,20272963,position,35165.44,-2093035.75,7593.0,7593.0,0,0,0,2.02
PHerc1218,12048,no-division,20272963,position,4077.44,4483.24,7593.0,7593.0,1,0,0,1.22
PHerc1218,12048,no-division,12055,spread,4086.76,4304.56,7593.0,7593.0,1,0,0,1.22
PHerc1218,12048,no-division,135504,spread,4017.37,4473.62,7593.0,7593.0,1,0,0,1.22
PHerc1218,12897,as-is,20273812,position,-4817.99,-105488.02,7593.0,7593.0,0,0,0,1.47
PHerc1218,12897,no-division,20273812,position,4155.01,4283.98,7593.0,7593.0,1,0,0,1.22
PHerc1218,12897,no-division,12904,spread,4208.0,4372.54,7593.0,7593.0,1,0,0,1.17
PHerc1218,12897,no-division,136353,spread,4082.37,4324.98,7593.0,7593.0,1,0,0,1.22
PHerc1218,13746,as-is,20274661,position,-189948.95,-1979830.0,7593.0,7593.0,0,0,0,2.57
PHerc1218,13746,no-division,20274661,position,4081.04,4469.99,7593.0,7593.0,1,0,0,1.22
PHerc1218,13746,no-division,13753,spread,3864.99,4355.16,7593.0,7593.0,1,0,0,1.17
PHerc1218,13746,no-division,137202,spread,3844.63,4377.66,7593.0,7593.0,1,0,0,1.22
PHerc1218,14595,as-is,20275510,position,6070.53,25635.52,7593.0,7593.0,0,0,0,1.22
PHerc1218,14595,no-division,20275510,position,3998.53,4277.52,7593.0,7593.0,1,0,0,1.22
PHerc1218,14595,no-division,14602,spread,4060.85,4272.26,7593.0,7593.0,1,0,0,1.22
PHerc1218,14595,no-division,138051,spread,3790.28,4145.55,7593.0,7593.0,1,0,0,1.22
PHerc1218,15444,as-is,20276359,position,-82295.05,-1724796.5,7593.0,7593.0,0,0,0,2.17
PHerc1218,15444,no-division,20276359,position,4114.95,3939.54,7593.0,7593.0,1,0,0,1.22
PHerc1218,15444,no-division,15451,spread,3982.33,3958.77,7593.0,7593.0,1,0,0,1.22
PHerc1218,15444,no-division,138900,spread,4286.44,3915.16,7593.0,7593.0,1,0,0,1.17
PHerc1218,16293,as-is,20277208,position,4958.04,23542.85,7593.0,7593.0,0,0,0,1.22
PHerc1218,16293,no-division,20277208,position,4228.04,3740.85,7593.0,7593.0,1,0,0,1.22
PHerc1218,16293,no-division,16300,spread,3846.75,3742.19,7593.0,7593.0,1,0,0,1.22
PHerc1218,16293,no-division,139749,spread,3911.61,3755.1,7593.0,7593.0,1,0,0,1.22
PHerc1218,17142,as-is,20278057,position,4745.6,11749.42,7593.0,7593.0,0,0,0,1.22
PHerc1218,17142,no-division,20278057,position,3245.6,3799.42,7593.0,7593.0,1,0,0,1.17
PHerc1218,17142,no-division,17149,spread,3262.74,3629.06,7593.0,7593.0,1,0,0,1.17
PHerc1218,17142,no-division,140598,spread,3223.97,3865.05,7593.0,7593.0,1,0,0,1.22
PHerc1218,17991,as-is,20278906,position,4972.29,9779.89,7593.0,7593.0,0,0,0,1.22
PHerc1218,17991,no-division,20278906,position,2756.29,3553.89,7593.0,7593.0,1,0,0,1.22
PHerc1218,17991,no-division,17998,spread,4229.03,3519.32,7593.0,7593.0,1,0,0,1.22
PHerc1218,17991,no-division,141447,spread,2802.32,3542.26,7593.0,7593.0,1,0,0,1.17
PHerc1218,18840,as-is,20279755,position,7619.93,42762.59,7593.0,7593.0,0,0,0,1.27
PHerc1218,18840,no-division,20279755,position,3036.93,3733.59,7593.0,7593.0,1,0,0,1.22
PHerc1218,18840,no-division,18847,spread,2984.69,3709.78,7593.0,7593.0,1,0,0,1.17
PHerc1218,18840,no-division,142296,spread,3106.29,3672.62,7593.0,7593.0,1,0,0,1.22
PHerc1218,19689,as-is,20280604,position,4312.57,-11075.43,7593.0,7593.0,0,0,0,1.22
PHerc1218,19689,no-division,20280604,position,3093.57,3643.57,7593.0,7593.0,1,0,0,1.22
PHerc1218,19689,no-division,19696,spread,3048.92,3633.35,7593.0,7593.0,1,0,0,1.22
PHerc1218,19689,no-division,143145,spread,3154.59,3652.9,7593.0,7593.0,1,0,0,1.22
PHerc1218,20538,as-is,20281453,position,3500.06,-4116.94,7593.0,7593.0,0,0,0,1.17
PHerc1218,20538,no-division,20281453,position,3080.06,3423.06,7593.0,7593.0,1,0,0,1.22
PHerc1218,20538,no-division,20545,spread,3141.06,3421.87,7593.0,7593.0,1,0,0,1.22
PHerc1218,20538,no-division,143994,spread,3098.58,3424.2,7593.0,7593.0,1,0,0,1.22
PHerc1218,21387,as-is,20282302,position,3279.25,3176.33,7593.0,7593.0,1,0,0,1.22
PHerc1218,21387,no-division,20282302,position,3270.25,3202.33,7593.0,7593.0,1,0,0,1.17
PHerc1218,21387,no-division,21394,spread,3208.39,3254.25,7593.0,7593.0,1,0,0,1.17
PHerc1218,21387,no-division,144843,spread,3363.73,3209.69,7593.0,7593.0,1,0,0,1.22
PHerc1447,1943,as-is,20262858,position,3801.25,6064.7,8343.0,8343.0,1,0,0,1.22
PHerc1447,1943,no-division,20262858,position,2555.25,3601.7,8343.0,8343.0,1,0,0,1.22
PHerc1447,1943,no-division,1950,spread,2700.32,3895.13,8343.0,8343.0,1,0,0,1.22
PHerc1447,1943,no-division,125399,spread,2542.41,3632.23,8343.0,8343.0,1,0,0,1.22
PHerc1447,2831,as-is,20263746,position,3279.52,4862.07,8343.0,8343.0,1,0,0,1.22
PHerc1447,2831,no-division,20263746,position,3286.52,4845.07,8343.0,8343.0,1,0,0,1.22
PHerc1447,2831,no-division,2838,spread,3344.07,4841.07,8343.0,8343.0,1,0,0,1.22
PHerc1447,2831,no-division,126287,spread,3341.61,4856.03,8343.0,8343.0,1,0,0,1.22
PHerc1447,3718,as-is,20264633,position,4820.16,2356.56,8343.0,8343.0,1,0,0,1.22
PHerc1447,3718,no-division,20264633,position,3257.16,4764.56,8343.0,8343.0,1,0,0,1.22
PHerc1447,3718,no-division,3725,spread,3343.93,4808.67,8343.0,8343.0,1,0,0,1.22
PHerc1447,3718,no-division,127174,spread,3442.1,4858.09,8343.0,8343.0,1,0,0,1.22
PHerc1447,4605,as-is,20265520,position,5128.43,1315.32,8343.0,8343.0,1,0,0,1.17
PHerc1447,4605,no-division,20265520,position,3627.43,4653.32,8343.0,8343.0,1,0,0,1.22
PHerc1447,4605,no-division,4612,spread,3757.9,4739.13,8343.0,8343.0,1,0,0,1.27
PHerc1447,4605,no-division,128061,spread,3513.52,4596.83,8343.0,8343.0,1,0,0,1.22
PHerc1447,5493,as-is,20266408,position,5288.08,716.65,8343.0,8343.0,1,0,0,1.22
PHerc1447,5493,no-division,20266408,position,3345.08,4416.65,8343.0,8343.0,1,0,0,1.22
PHerc1447,5493,no-division,5500,spread,3250.92,4372.97,8343.0,8343.0,1,0,0,1.22
PHerc1447,5493,no-division,128949,spread,3388.93,4382.04,8343.0,8343.0,1,0,0,1.17
PHerc1447,6380,as-is,20267295,position,5695.15,-372.59,8343.0,8343.0,0,0,0,1.22
PHerc1447,6380,no-division,20267295,position,3461.15,4137.41,8343.0,8343.0,1,0,0,1.22
PHerc1447,6380,no-division,6387,spread,3446.94,4161.22,8343.0,8343.0,1,0,0,1.22
PHerc1447,6380,no-division,129836,spread,3470.96,4153.58,8343.0,8343.0,1,0,0,1.22
PHerc1447,7267,as-is,20268182,position,5593.95,-1195.38,8343.0,8343.0,0,0,0,1.22
PHerc1447,7267,no-division,20268182,position,3591.95,3793.62,8343.0,8343.0,1,0,0,1.22
PHerc1447,7267,no-division,7274,spread,3533.92,3746.63,8343.0,8343.0,1,0,0,1.22
PHerc1447,7267,no-division,130723,spread,3648.72,3815.75,8343.0,8343.0,1,0,0,1.22
PHerc1447,8155,as-is,20269070,position,5213.86,12.83,8343.0,8343.0,1,0,0,1.22
PHerc1447,8155,no-division,20269070,position,4026.86,3575.83,8343.0,8343.0,1,0,0,1.22
PHerc1447,8155,no-division,8162,spread,4062.88,3662.17,8343.0,8343.0,1,0,0,1.22
PHerc1447,8155,no-division,131611,spread,3869.39,3646.24,8343.0,8343.0,1,0,0,1.22
PHerc1447,9042,as-is,20269957,position,5504.91,-799.78,8343.0,8343.0,0,0,0,1.22
PHerc1447,9042,no-division,20269957,position,3898.91,3643.22,8343.0,8343.0,1,0,0,1.22
PHerc1447,9042,no-division,9049,spread,4065.43,3728.82,8343.0,8343.0,1,0,0,1.22
PHerc1447,9042,no-division,132498,spread,4033.34,3718.23,8343.0,8343.0,1,0,0,1.22
PHerc1447,9930,as-is,20270845,position,5028.88,954.68,8343.0,8343.0,1,0,0,1.22
PHerc1447,9930,no-division,20270845,position,3891.88,4006.68,8343.0,8343.0,1,0,0,1.22
PHerc1447,9930,no-division,9937,spread,3859.68,4039.78,8343.0,8343.0,1,0,0,1.22
PHerc1447,9930,no-division,133386,spread,3937.86,4003.02,8343.0,8343.0,1,0,0,1.22
PHerc1447,10817,as-is,20271732,position,3763.5,3515.6,8343.0,8343.0,1,0,0,1.17
PHerc1447,10817,no-division,20271732,position,3795.5,3520.6,8343.0,8343.0,1,0,0,1.22
PHerc1447,10817,no-division,10824,spread,3736.59,3534.23,8343.0,8343.0,1,0,0,1.17
PHerc1447,10817,no-division,134273,spread,3731.58,3548.52,8343.0,8343.0,1,0,0,1.22
PHerc1447,11704,as-is,20272619,position,4404.8,599.21,8343.0,8343.0,1,0,0,1.22
PHerc1447,11704,no-division,20272619,position,3861.8,3661.21,8343.0,8343.0,1,0,0,1.22
PHerc1447,11704,no-division,11711,spread,3718.82,3673.38,8343.0,8343.0,1,0,0,1.22
PHerc1447,11704,no-division,135160,spread,3819.35,3654.01,8343.0,8343.0,1,0,0,1.22
PHerc1447,12592,as-is,20273507,position,4185.38,-665.57,8343.0,8343.0,0,0,0,1.22
PHerc1447,12592,no-division,20273507,position,3793.38,3333.43,8343.0,8343.0,1,0,0,1.22
PHerc1447,12592,no-division,12599,spread,3703.87,3462.53,8343.0,8343.0,1,0,0,1.22
PHerc1447,12592,no-division,136048,spread,3677.77,3456.68,8343.0,8343.0,1,0,0,1.22
PHerc1447,13479,as-is,20274394,position,3590.62,-3090.15,8343.0,8343.0,0,0,0,1.22
PHerc1447,13479,no-division,20274394,position,3536.62,3170.85,8343.0,8343.0,1,0,0,1.22
PHerc1447,13479,no-division,13486,spread,3666.23,3152.86,8343.0,8343.0,1,0,0,1.22
PHerc1447,13479,no-division,136935,spread,3575.18,3142.12,8343.0,8343.0,1,0,0,1.22
PHerc1447,14366,as-is,20275281,position,3596.68,2919.75,8343.0,8343.0,1,0,0,1.22
PHerc1447,14366,no-division,20275281,position,3628.68,2929.75,8343.0,8343.0,1,0,0,1.22
PHerc1447,14366,no-division,14373,spread,3752.64,2864.5,8343.0,8343.0,1,0,0,1.22
PHerc1447,14366,no-division,137822,spread,3793.01,2861.68,8343.0,8343.0,1,0,0,1.22
PHerc1447,15254,as-is,20276169,position,6840.03,6810.51,8343.0,8343.0,1,0,0,1.22
PHerc1447,15254,no-division,20276169,position,3456.03,3236.51,8343.0,8343.0,1,0,0,1.22
PHerc1447,15254,no-division,15261,spread,4059.06,2881.64,8343.0,8343.0,1,0,0,1.22
PHerc1447,15254,no-division,138710,spread,4009.25,2846.38,8343.0,8343.0,1,0,0,1.22
PHerc1447,16141,as-is,20277056,position,3558.3,3739.46,8343.0,8343.0,1,0,0,1.22
PHerc1447,16141,no-division,20277056,position,3561.3,3705.46,8343.0,8343.0,1,0,0,1.17
PHerc1447,16141,no-division,16148,spread,3521.19,3708.55,8343.0,8343.0,1,0,0,1.22
PHerc1447,16141,no-division,139597,spread,3518.46,3724.28,8343.0,8343.0,1,0,0,1.17
PHerc1447,17029,as-is,20277944,position,-3583.15,-14369.07,8343.0,8343.0,0,0,0,1.22
PHerc1447,17029,no-division,20277944,position,3707.85,4094.93,8343.0,8343.0,1,0,0,1.22
PHerc1447,17029,no-division,17036,spread,3648.31,4122.36,8343.0,8343.0,1,0,0,1.22
PHerc1447,17029,no-division,140485,spread,3627.49,4108.05,8343.0,8343.0,1,0,0,1.22
PHerc1447,17916,as-is,20278831,position,3668.81,-2895.7,8343.0,8343.0,0,0,0,1.17
PHerc1447,17916,no-division,20278831,position,3216.81,4842.3,8343.0,8343.0,1,0,0,1.22
PHerc1447,17916,no-division,17923,spread,3280.26,4916.84,8343.0,8343.0,1,0,0,1.22
PHerc1447,17916,no-division,141372,spread,3249.36,4847.79,8343.0,8343.0,1,0,0,1.22
PHerc1447,18803,as-is,20279718,position,3408.96,-5757.68,8343.0,8343.0,0,0,0,1.22
PHerc1447,18803,no-division,20279718,position,3824.96,5180.32,8343.0,8343.0,1,0,0,1.22
PHerc1447,18803,no-division,18810,spread,3190.37,4829.06,8343.0,8343.0,1,0,0,1.22
PHerc1447,18803,no-division,142259,spread,3485.38,5058.5,8343.0,8343.0,1,0,0,1.22
PHerc1447,19691,as-is,20280606,position,3395.71,-14828.37,8343.0,8343.0,0,0,0,1.22
PHerc1447,19691,no-division,20280606,position,3683.71,5442.63,8343.0,8343.0,1,0,0,1.22
PHerc1447,19691,no-division,19698,spread,3703.05,5267.07,8343.0,8343.0,1,0,0,1.22
PHerc1447,19691,no-division,143147,spread,3720.93,5400.71,8343.0,8343.0,1,0,0,1.22
PHerc1447,20578,as-is,20281493,position,5737.79,-915.26,8343.0,8343.0,0,0,0,1.22
PHerc1447,20578,no-division,20281493,position,3031.79,5255.74,8343.0,8343.0,1,0,0,1.22
PHerc1447,20578,no-division,20585,spread,4023.14,5093.3,8343.0,8343.0,1,0,0,1.22
PHerc1447,20578,no-division,144034,spread,3228.16,5281.19,8343.0,8343.0,1,0,0,1.22
PHerc1447,21465,as-is,20282380,position,5386.8,-2790.57,8343.0,8343.0,0,0,0,1.22
PHerc1447,21465,no-division,20282380,position,3801.8,4208.43,8343.0,8343.0,1,0,0,1.22
PHerc1447,21465,no-division,21472,spread,3998.84,4280.66,8343.0,8343.0,1,0,0,1.22
PHerc1447,21465,no-division,144921,spread,3360.5,4932.87,8343.0,8343.0,1,0,0,1.22
PHerc1447,22353,as-is,20283268,position,4958.44,-82.34,8343.0,8343.0,0,0,0,1.22
PHerc1447,22353,no-division,20283268,position,4291.44,3702.66,8343.0,8343.0,1,0,0,1.22
PHerc1447,22353,no-division,22360,spread,4151.02,3624.54,8343.0,8343.0,1,0,0,1.22
PHerc1447,22353,no-division,145809,spread,4282.36,3697.31,8343.0,8343.0,1,0,0,1.22
PHerc1545,1676,as-is,20262591,position,2616.18,7171.15,7506.0,7506.0,1,0,0,1.22
PHerc1545,1676,no-division,20262591,position,3718.18,2811.15,7506.0,7506.0,1,0,0,1.22
PHerc1545,1676,no-division,1683,spread,4019.88,2713.95,7506.0,7506.0,1,0,0,1.17
PHerc1545,1676,no-division,125132,spread,3733.68,2634.9,7506.0,7506.0,1,0,0,1.17
PHerc1545,2442,as-is,20263357,position,3721.36,3655.59,7506.0,7506.0,1,0,0,1.22
PHerc1545,2442,no-division,20263357,position,4004.36,3610.59,7506.0,7506.0,1,0,0,1.22
PHerc1545,2442,no-division,2449,spread,3976.19,3790.12,7506.0,7506.0,1,0,0,1.22
PHerc1545,2442,no-division,125898,spread,3995.75,3777.24,7506.0,7506.0,1,0,0,1.22
PHerc1545,3207,as-is,20264122,position,1014.27,9070.07,7506.0,7506.0,0,0,0,1.22
PHerc1545,3207,no-division,20264122,position,3767.27,3401.07,7506.0,7506.0,1,0,0,1.22
PHerc1545,3207,no-division,3214,spread,3753.28,3346.49,7506.0,7506.0,1,0,0,1.22
PHerc1545,3207,no-division,126663,spread,3817.22,3431.47,7506.0,7506.0,1,0,0,1.22
PHerc1545,3973,as-is,20264888,position,4174.23,3383.59,7506.0,7506.0,1,0,0,1.22
PHerc1545,3973,no-division,20264888,position,4212.23,3384.59,7506.0,7506.0,1,0,0,1.22
PHerc1545,3973,no-division,3980,spread,4214.99,3397.97,7506.0,7506.0,1,0,0,1.22
PHerc1545,3973,no-division,127429,spread,4165.52,3427.78,7506.0,7506.0,1,0,0,1.37
PHerc1545,4739,as-is,20265654,position,4245.75,3092.67,7506.0,7506.0,1,0,0,1.22
PHerc1545,4739,no-division,20265654,position,4330.75,3054.67,7506.0,7506.0,1,0,0,1.22
PHerc1545,4739,no-division,4746,spread,4272.52,2981.5,7506.0,7506.0,1,0,0,1.22
PHerc1545,4739,no-division,128195,spread,4231.13,2963.71,7506.0,7506.0,1,0,0,1.22
PHerc1545,5504,as-is,20266419,position,4354.44,3106.53,7506.0,7506.0,1,0,0,1.22
PHerc1545,5504,no-division,20266419,position,4265.44,3163.53,7506.0,7506.0,1,0,0,1.22
PHerc1545,5504,no-division,5511,spread,4361.66,3289.68,7506.0,7506.0,1,0,0,1.22
PHerc1545,5504,no-division,128960,spread,4295.89,3149.16,7506.0,7506.0,1,0,0,1.22
PHerc1545,6270,as-is,20267185,position,1833.44,5349.58,7506.0,7506.0,1,0,0,1.22
PHerc1545,6270,no-division,20267185,position,3136.44,2444.58,7506.0,7506.0,1,0,0,1.22
PHerc1545,6270,no-division,6277,spread,3118.7,2417.68,7506.0,7506.0,1,0,0,1.22
PHerc1545,6270,no-division,129726,spread,3140.66,2430.71,7506.0,7506.0,1,0,0,1.22
PHerc1545,7035,as-is,20267950,position,2897.18,2842.49,7506.0,7506.0,1,0,0,1.22
PHerc1545,7035,no-division,20267950,position,2902.18,2838.49,7506.0,7506.0,1,0,0,1.22
PHerc1545,7035,no-division,7042,spread,2909.24,2795.56,7506.0,7506.0,1,0,0,1.22
PHerc1545,7035,no-division,130491,spread,2885.95,2818.22,7506.0,7506.0,1,0,0,1.22
PHerc1545,7801,as-is,20268716,position,53856.06,-111929.46,7506.0,7506.0,0,0,0,1.62
PHerc1545,7801,no-division,20268716,position,3105.06,3396.54,7506.0,7506.0,1,0,0,1.22
PHerc1545,7801,no-division,7808,spread,2923.37,3267.74,7506.0,7506.0,1,0,0,1.22
PHerc1545,7801,no-division,131257,spread,2931.29,3243.45,7506.0,7506.0,1,0,0,1.22
PHerc1545,8566,as-is,20269481,position,862.24,9439.91,7506.0,7506.0,0,0,0,1.22
PHerc1545,8566,no-division,20269481,position,3006.24,3168.91,7506.0,7506.0,1,0,0,1.22
PHerc1545,8566,no-division,8573,spread,3053.32,3168.19,7506.0,7506.0,1,0,0,1.22
PHerc1545,8566,no-division,132022,spread,3007.23,3162.09,7506.0,7506.0,1,0,0,1.22
PHerc1545,9332,as-is,20270247,position,753.6,9850.43,7506.0,7506.0,0,0,0,1.22
PHerc1545,9332,no-division,20270247,position,3194.6,3141.43,7506.0,7506.0,1,0,0,1.22
PHerc1545,9332,no-division,9339,spread,3208.99,3123.6,7506.0,7506.0,1,0,0,1.22
PHerc1545,9332,no-division,132788,spread,3203.38,3125.88,7506.0,7506.0,1,0,0,1.22
PHerc1545,10097,as-is,20271012,position,4252.89,-2599.4,7506.0,7506.0,0,0,0,1.22
PHerc1545,10097,no-division,20271012,position,4083.89,3187.6,7506.0,7506.0,1,0,0,1.22
PHerc1545,10097,no-division,10104,spread,3258.32,3324.56,7506.0,7506.0,1,0,0,1.17
PHerc1545,10097,no-division,133553,spread,3170.84,3206.3,7506.0,7506.0,1,0,0,1.22
PHerc1545,10863,as-is,20271778,position,-6484.31,33885.4,7506.0,7506.0,0,0,0,1.32
PHerc1545,10863,no-division,20271778,position,3248.69,3238.4,7506.0,7506.0,1,0,0,1.22
PHerc1545,10863,no-division,10870,spread,3148.77,3303.35,7506.0,7506.0,1,0,0,1.22
PHerc1545,10863,no-division,134319,spread,3240.08,3344.49,7506.0,7506.0,1,0,0,1.17
PHerc1545,11628,as-is,20272543,position,8407.12,-15174.15,7506.0,7506.0,0,0,0,1.27
PHerc1545,11628,no-division,20272543,position,3513.12,3444.85,7506.0,7506.0,1,0,0,1.22
PHerc1545,11628,no-division,11635,spread,3423.61,3461.42,7506.0,7506.0,1,0,0,1.22
PHerc1545,11628,no-division,135084,spread,3389.89,3386.84,7506.0,7506.0,1,0,0,1.22
PHerc1545,12394,as-is,20273309,position,29963.33,-70151.03,7506.0,7506.0,0,0,0,1.47
PHerc1545,12394,no-division,20273309,position,3864.33,3694.96,7506.0,7506.0,1,0,0,1.22
PHerc1545,12394,no-division,12401,spread,4213.81,4102.08,7506.0,7506.0,1,0,0,1.22
PHerc1545,12394,no-division,135850,spread,4010.61,3750.72,7506.0,7506.0,1,0,0,1.22
PHerc1545,13159,as-is,20274074,position,5127.94,-1277.34,7506.0,7506.0,0,0,0,1.22
PHerc1545,13159,no-division,20274074,position,3533.94,3930.66,7506.0,7506.0,1,0,0,1.22
PHerc1545,13159,no-division,13166,spread,3536.44,3917.6,7506.0,7506.0,1,0,0,1.22
PHerc1545,13159,no-division,136615,spread,3796.07,4055.01,7506.0,7506.0,1,0,0,1.22
PHerc1545,13925,as-is,20274840,position,5117.16,-1406.87,7506.0,7506.0,0,0,0,1.22
PHerc1545,13925,no-division,20274840,position,3869.16,4181.13,7506.0,7506.0,1,0,0,1.22
PHerc1545,13925,no-division,13932,spread,3766.14,4141.79,7506.0,7506.0,1,0,0,1.22
PHerc1545,13925,no-division,137381,spread,3782.86,4166.59,7506.0,7506.0,1,0,0,1.22
PHerc1545,14690,as-is,20275605,position,4476.45,592.34,7506.0,7506.0,1,0,0,1.22
PHerc1545,14690,no-division,20275605,position,4041.45,4468.34,7506.0,7506.0,1,0,0,1.17
PHerc1545,14690,no-division,14697,spread,3607.56,4122.3,7506.0,7506.0,1,0,0,1.22
PHerc1545,14690,no-division,138146,spread,3625.17,4232.55,7506.0,7506.0,1,0,0,1.22
PHerc1545,15456,as-is,20276371,position,4473.94,679.84,7506.0,7506.0,1,0,0,1.17
PHerc1545,15456,no-division,20276371,position,3795.94,4664.84,7506.0,7506.0,1,0,0,1.22
PHerc1545,15456,no-division,15463,spread,3768.91,4654.31,7506.0,7506.0,1,0,0,1.22
PHerc1545,15456,no-division,138912,spread,3754.67,4651.93,7506.0,7506.0,1,0,0,1.22
PHerc1545,16221,as-is,20277136,position,4907.46,554.92,7506.0,7506.0,1,0,0,1.22
PHerc1545,16221,no-division,20277136,position,4216.46,4958.92,7506.0,7506.0,1,0,0,1.17
PHerc1545,16221,no-division,16228,spread,4195.13,4960.96,7506.0,7506.0,1,0,0,1.22
PHerc1545,16221,no-division,139677,spread,4212.64,4932.04,7506.0,7506.0,1,0,0,1.17
PHerc1545,16987,as-is,20277902,position,327635.5,-1227074.88,7506.0,7506.0,0,0,0,2.32
PHerc1545,16987,no-division,20277902,position,4095.49,4918.17,7506.0,7506.0,1,0,0,1.22
PHerc1545,16987,no-division,16994,spread,4107.69,4938.98,7506.0,7506.0,1,0,0,1.22
PHerc1545,16987,no-division,140443,spread,4145.17,4944.83,7506.0,7506.0,1,0,0,1.22
PHerc1545,17753,as-is,20278668,position,15126.83,-102546.94,7506.0,7506.0,0,0,0,1.52
PHerc1545,17753,no-division,20278668,position,4076.83,5064.06,7506.0,7506.0,1,0,0,1.22
PHerc1545,17753,no-division,17760,spread,3986.07,5008.3,7506.0,7506.0,1,0,0,1.22
PHerc1545,17753,no-division,141209,spread,3984.5,5017.23,7506.0,7506.0,1,0,0,1.22
PHerc1545,18518,as-is,20279433,position,252730.53,-1968614.5,7506.0,7506.0,0,0,0,2.52
PHerc1545,18518,no-division,20279433,position,2744.54,4979.49,7506.0,7506.0,1,0,0,1.17
PHerc1545,18518,no-division,18525,spread,3546.52,5278.81,7506.0,7506.0,1,0,0,1.22
PHerc1545,18518,no-division,141974,spread,3466.16,5063.96,7506.0,7506.0,1,0,0,1.22
PHerc1545,19284,as-is,20280199,position,254734.88,-1409311.25,7506.0,7506.0,0,0,0,2.67
PHerc1545,19284,no-division,20280199,position,4202.87,5104.8,7506.0,7506.0,1,0,0,1.22
PHerc1545,19284,no-division,19291,spread,4052.73,5083.85,7506.0,7506.0,1,0,0,1.22
PHerc1545,19284,no-division,142740,spread,4206.7,5114.47,7506.0,7506.0,1,0,0,1.22
